card,reports,age,income,share,expenditure,owner,selfemp,dependents,months,majorcards,active,client_name
yes,0,37,4.52,0.03,124.98,yes,no,3,54,1,12,Ivan Gomez
yes,0,33,2.42,0.01,9.85,no,no,3,34,1,13,Sean Williams
yes,0,33,4.5,0.0,15.0,yes,no,4,58,1,5,William Beard
yes,0,30,2.54,0.07,137.87,no,no,0,25,1,7,Cynthia Cuevas
yes,0,32,9.79,0.07,546.5,yes,no,2,64,1,5,Julie Davis
yes,0,23,2.5,0.04,92.0,no,no,0,54,1,1,Matthew Johnson
yes,0,27,3.96,0.01,40.83,no,no,2,7,1,5,David Rodriguez
yes,0,29,2.37,0.08,150.79,yes,no,0,77,1,3,Bryan Rodriguez
yes,0,37,3.8,0.25,777.82,yes,no,0,97,1,6,Gregory Graves
yes,0,28,3.2,0.02,52.58,no,no,0,65,1,18,Sarah Rivera
yes,0,30,3.95,0.08,256.66,yes,no,1,24,1,20,Steven Reese
no,0,42,1.98,0.0,0.0,yes,no,2,36,1,0,John Mason
no,0,30,1.73,0.0,0.0,yes,no,1,42,0,12,David Andrews
yes,0,28,2.45,0.04,78.87,yes,no,0,26,1,3,Micheal Le
yes,0,35,1.91,0.03,42.62,yes,no,2,120,0,5,Matthew Valdez
yes,0,41,3.2,0.13,335.44,yes,no,1,168,1,22,Jason Rhodes
yes,0,40,4.0,0.07,248.72,yes,no,2,96,1,0,Amy Horn
no,7,29,3.0,0.0,0.0,yes,no,2,60,1,8,Cassie Yoder
yes,0,39,10.0,0.07,548.04,yes,yes,0,28,1,0,David Wang
no,3,45,3.4,0.0,0.0,no,no,0,28,1,10,Pamela Williams
yes,0,35,2.35,0.02,43.34,yes,no,2,115,1,1,Gordon Fuller
no,1,25,1.88,0.0,0.0,no,no,2,7,0,2,Jennifer Rodriguez
yes,0,34,2.0,0.13,218.52,yes,no,0,12,1,0,Brad Nichols
yes,1,35,4.0,0.05,170.64,no,no,2,18,1,22,Christopher Huff
yes,0,42,5.14,0.01,37.58,yes,no,2,13,1,17,Greg Oliver
yes,0,30,4.51,0.13,502.2,no,no,2,38,1,7,Brandon Myers
no,0,21,3.84,0.0,0.0,no,yes,1,12,0,1,Terry Stewart
yes,0,22,1.5,0.06,73.18,no,no,0,64,1,6,Russell Tyler
no,0,34,2.5,0.0,0.0,yes,no,1,12,1,0,Christopher Johnson
yes,0,40,5.5,0.33,1532.77,yes,no,4,74,1,19,James Green
yes,0,21,2.03,0.03,42.69,no,no,0,9,0,5,Adam Clayton
yes,1,29,3.2,0.16,417.84,no,no,0,14,1,6,Nathaniel Aguirre
no,1,24,3.15,0.0,0.0,yes,no,1,40,1,5,Richard Horton
yes,0,21,2.47,0.27,552.72,yes,no,1,12,1,10,Frank Levine
yes,0,23,3.0,0.09,222.54,no,no,0,12,1,5,Judith Salas
yes,0,42,3.54,0.18,541.3,yes,no,6,108,1,15,Patricia Norris
no,0,42,2.28,0.0,0.0,no,no,2,46,1,0,Joshua Conner
yes,0,36,5.7,0.12,568.77,yes,no,1,36,1,16,Shawn Jones
yes,0,26,3.5,0.12,344.47,no,no,0,2,1,14,Robert Mercer
yes,0,27,4.6,0.11,405.35,yes,no,4,28,1,13,Amy Rivera
yes,0,26,3.0,0.12,310.94,yes,no,0,7,1,10,Richard Rice
yes,0,23,2.58,0.03,53.64,no,no,0,8,1,1,Jake Foley
yes,0,29,1.51,0.05,63.92,no,no,1,7,0,1,Andre Knox
yes,0,30,1.85,0.11,165.86,no,no,0,60,1,12,Sharon Tran
yes,0,38,2.6,0.0,9.58,no,no,0,12,1,1,Richard Bell
no,0,28,1.8,0.0,0.0,no,yes,2,26,1,2,Austin Burns
yes,0,35,2.0,0.19,319.49,no,no,0,156,1,4,Matthew Hayes
no,0,37,3.26,0.0,0.0,no,no,1,98,0,1,Andrew Reilly
yes,0,26,2.35,0.04,83.08,no,no,1,30,0,2,Jill Flores
yes,0,27,7.0,0.11,644.83,yes,no,0,0,1,13,Bobby Odonnell
no,0,49,3.6,0.0,0.0,no,no,2,12,0,0,Sean Choi
yes,0,24,2.0,0.06,93.2,no,no,0,18,1,12,Sara Moreno
yes,0,20,1.7,0.07,105.04,no,no,0,6,1,4,Kevin Stone
yes,0,23,2.8,0.01,34.12,no,no,2,48,1,8,Michael Jones
yes,0,25,2.4,0.02,41.19,no,no,0,34,1,2,Michael Snyder
yes,1,32,3.0,0.07,169.89,no,no,0,216,0,5,James Davis
yes,0,34,4.8,0.47,1898.03,no,no,3,12,1,1,Paul Livingston
yes,0,33,3.18,0.31,810.39,no,no,4,18,0,3,Jaime Murray
no,0,44,1.8,0.0,0.0,no,no,2,33,0,0,Emma Yang
yes,0,21,1.5,0.03,32.78,no,no,0,20,1,4,Sharon Johnson
yes,2,25,3.0,0.04,95.8,no,no,0,8,0,4,Zachary Cruz
yes,0,27,2.28,0.01,27.78,no,no,3,36,1,5,James Green
yes,0,26,2.8,0.09,215.07,no,no,1,12,1,16,Erin Rodriguez
yes,0,22,2.7,0.04,79.51,no,no,0,3,1,0,Willie Arnold
no,3,27,4.9,0.0,0.0,yes,no,2,16,1,15,Thomas Smith
no,0,26,2.5,0.0,0.0,no,yes,0,18,0,0,Laurie Bowen
yes,0,40,6.0,0.06,306.03,no,yes,2,182,1,16,Lydia Edwards
yes,0,42,3.9,0.03,104.54,no,no,0,78,1,2,James Jones
no,0,21,5.1,0.0,0.0,no,no,0,25,1,0,Brooke Jordan
yes,0,24,3.07,0.25,642.47,no,no,0,4,1,0,Brianna Elliott
yes,0,30,2.46,0.15,308.05,yes,no,2,53,1,16,Michael White
yes,0,27,2.0,0.11,186.35,no,no,0,9,1,5,Bruce Simmons
yes,0,33,3.25,0.02,56.15,no,no,2,144,0,2,Olivia Martin
yes,0,37,2.72,0.06,129.37,no,no,2,13,1,14,Sean White
yes,0,26,2.2,0.05,93.11,no,no,0,144,1,10,Jeffrey Nelson
no,1,24,4.1,0.0,0.0,no,no,1,5,0,4,Alicia Cooper
yes,0,24,3.75,0.09,292.66,no,no,0,18,1,11,Matthew Rios
yes,0,25,2.88,0.04,98.46,no,no,0,7,1,0,Bradley Pearson
yes,0,0,3.05,0.1,258.55,no,no,1,94,1,5,Sean Morgan Jr.
yes,0,32,2.55,0.05,101.68,no,no,2,6,1,18,Paul Reilly
no,0,32,4.0,0.0,0.0,no,no,2,25,1,0,Adam Wilson
yes,1,54,2.64,0.03,65.25,yes,no,1,78,1,19,Xavier Sanchez
yes,0,19,1.65,0.08,108.61,no,no,0,37,1,8,Stephanie Cochran
yes,0,29,2.4,0.02,49.56,no,no,0,30,1,4,Peter Brown
no,3,40,3.71,0.0,0.0,no,no,2,15,1,11,Karen Le
yes,0,40,7.24,0.04,235.57,yes,no,2,177,1,13,Tricia Robinson
no,0,41,4.39,0.0,0.0,yes,no,3,172,1,9,Kevin Pierce
no,0,34,3.3,0.0,0.0,yes,no,2,33,0,18,Mark Ramirez
no,0,23,2.3,0.0,0.0,no,no,1,12,1,0,Gregory Reilly
no,1,53,4.18,0.0,0.0,no,no,1,288,1,2,Sharon Fuller
no,2,34,2.49,0.0,0.0,no,no,1,87,1,3,William Thompson
no,0,44,2.81,0.0,0.0,yes,no,5,4,1,0,Ashley Young
yes,0,43,2.4,0.03,68.38,no,no,0,12,1,0,Caitlin Mclaughlin
no,4,35,1.5,0.0,0.0,no,no,1,7,1,9,Susan Williams
no,2,35,8.4,0.0,0.0,no,no,2,69,1,12,Michael Romero
yes,0,21,1.56,0.0,0.0,no,no,0,12,1,2,Reginald Gross
yes,1,32,6.0,0.09,474.15,yes,no,0,48,1,6,Robert Keller
yes,1,25,3.6,0.08,234.05,no,no,2,12,1,4,Anthony Brown
yes,0,26,5.0,0.11,451.2,yes,no,0,5,1,16,Gary Williams
yes,0,46,5.5,0.05,251.52,yes,no,2,161,1,7,Alexander Robinson
yes,1,35,10.0,0.11,917.54,yes,no,0,72,1,29,Robert Graves
no,0,35,4.55,0.0,0.0,yes,no,3,36,1,15,Joshua Lee
no,0,20,2.9,0.0,0.0,no,no,0,36,1,3,Valerie Franco
yes,0,25,1.8,0.1,147.72,no,no,0,1,0,9,James Huff
yes,0,31,4.2,0.05,166.73,yes,no,0,53,1,0,Jody Spence
yes,0,23,3.92,0.23,741.5,no,no,0,16,1,0,Allen Smith
yes,0,23,3.62,0.04,106.17,no,no,1,51,0,6,Rebecca Hamilton
yes,0,24,2.48,0.13,271.47,no,no,0,18,1,0,Jose Brown
yes,0,40,10.0,0.08,635.05,yes,no,3,120,1,17,Walter Joseph
yes,0,43,10.04,0.02,182.82,yes,no,1,12,1,18,Jessica Kirby
yes,0,23,2.95,0.04,89.37,yes,no,0,12,1,17,Anna Yu
yes,0,41,5.0,0.24,1011.33,no,no,1,36,1,5,Victor Luna
yes,0,28,2.4,0.11,227.37,no,no,0,1,1,29,Chloe Walker
yes,0,45,13.5,0.01,115.42,yes,no,2,126,1,9,Alexander Owens
no,3,25,4.0,0.0,0.0,no,no,0,36,0,5,Lawrence Williams
yes,1,37,3.9,0.09,297.97,no,no,0,51,1,4,Evan Guzman
yes,1,37,2.0,0.06,101.26,yes,no,3,42,1,3,Michael Jensen
yes,0,30,2.15,0.03,56.69,no,no,0,12,1,4,Heather Weiss
yes,0,21,3.0,0.03,77.36,no,no,2,18,0,2,Michele Garcia
yes,0,40,4.3,0.03,122.52,no,no,0,108,1,4,Richard Newton
no,4,23,10.0,0.0,0.0,no,no,2,27,1,5,Andrew White DVM
yes,0,21,2.5,0.01,13.4,no,no,0,32,1,3,David Henry
yes,0,22,3.0,0.05,127.53,no,no,0,120,1,11,Jeffrey Hopkins
yes,0,40,2.6,0.0,8.33,yes,no,0,52,1,3,Rodney King
yes,1,18,1.66,0.06,78.43,yes,no,0,51,1,2,Elizabeth Daniels
yes,0,34,4.5,0.0,11.17,yes,yes,4,30,1,6,Patricia Lyons
yes,0,25,5.0,0.03,131.88,no,no,0,38,1,16,Jonathan Morris
yes,0,20,1.74,0.19,277.99,no,no,0,8,1,11,Thomas Davis
yes,0,24,1.88,0.08,126.02,no,no,1,14,0,1,Joseph Jennings
yes,0,41,3.0,0.1,238.86,yes,no,3,120,0,0,Sara Collins
no,5,31,4.2,0.0,0.0,no,no,3,52,0,19,Mark Thomas
no,0,53,4.9,0.0,0.0,yes,yes,0,108,0,1,Samuel Davis
yes,0,24,2.13,0.02,37.08,no,no,1,13,1,4,Kevin Gillespie
no,1,25,1.7,0.0,0.0,no,no,2,8,0,11,Jennifer Jarvis
yes,0,21,1.68,0.11,156.58,no,no,0,18,0,2,Brian Gonzalez
no,0,20,2.64,0.0,0.0,no,no,3,7,1,1,Christopher Austin
yes,0,18,1.97,0.01,9.75,no,no,0,114,0,2,Sarah Hunt
yes,0,22,3.3,0.04,108.4,no,no,0,6,1,8,Kelly Nelson
yes,0,21,1.59,0.21,271.55,no,no,0,180,1,16,Brandon Graham
yes,0,42,3.6,0.02,53.3,no,yes,0,41,0,14,Charles George
yes,0,36,3.0,0.11,282.56,no,no,2,16,1,6,Steven Griffin
yes,0,41,3.8,0.08,263.33,no,no,0,67,1,4,Adam Robinson
yes,0,26,3.36,0.0,6.52,no,no,0,12,1,4,Kimberly Stone
no,2,33,2.32,0.0,0.0,no,no,0,62,0,3,Joseph Lamb
yes,0,43,7.8,0.01,43.04,yes,no,0,60,0,2,Gerald Rasmussen
yes,0,30,2.5,0.04,73.8,yes,yes,3,30,1,9,Michael Barajas
yes,0,25,1.5,0.01,15.42,no,no,1,12,1,7,Kevin King
yes,0,35,3.58,0.1,313.35,yes,no,1,84,1,10,Jamie Austin
yes,1,44,4.0,0.02,59.19,yes,no,0,36,1,13,Jeffrey Mathis
yes,3,43,6.72,0.03,176.0,yes,no,3,30,1,27,Marcus Acosta
yes,2,50,4.3,0.04,129.39,yes,yes,1,264,1,15,Benjamin Miller
yes,0,31,3.5,0.01,30.37,yes,no,1,36,1,5,Brandon Fuentes
no,1,43,3.95,0.0,0.0,yes,no,2,27,1,4,Melissa Henderson
no,5,27,4.0,0.0,0.0,yes,no,0,37,1,7,Mr. Franklin Jones
yes,0,24,2.4,0.23,461.26,no,no,1,164,0,1,Collin Wagner
yes,0,49,2.7,0.09,199.73,yes,no,0,120,0,3,Austin Marshall
yes,0,28,6.6,0.01,38.71,no,no,2,55,1,7,Cynthia Roberts
yes,0,26,2.7,0.04,92.26,no,no,0,18,1,0,Cody Williams
yes,0,29,4.1,0.04,145.38,no,no,0,13,1,0,Jordan Pena
yes,0,71,7.7,0.06,400.91,yes,no,1,24,1,9,Bryce Serrano
yes,0,24,2.8,0.06,138.71,no,no,0,5,1,0,Lisa Ellis
yes,0,25,3.12,0.04,110.3,no,no,2,3,1,6,Claudia Garrison
yes,0,24,2.3,0.03,54.65,no,no,0,30,1,2,Andrea Johnson
yes,0,30,3.67,0.0,4.58,yes,no,0,57,1,3,Brady Walters
no,0,32,6.5,0.0,0.0,yes,no,0,50,1,6,Larry Leach
yes,0,23,2.56,0.15,320.52,no,no,1,11,1,2,Richard Boyd
yes,0,48,3.5,0.07,197.92,yes,no,0,48,1,9,Peter Bowers
yes,0,25,3.24,0.03,68.87,no,no,0,30,1,19,Pedro Bolton
yes,0,25,3.48,0.05,148.26,yes,no,0,14,1,5,Dylan Carroll
yes,0,24,2.94,0.03,68.53,no,no,0,14,1,0,Derrick Davis
no,1,29,2.48,0.0,0.0,no,no,1,12,0,5,John Miller
no,5,28,3.12,0.0,0.0,no,no,0,13,0,7,Kevin Thompson
no,0,32,2.5,0.0,0.0,no,no,1,60,1,0,Kendra Graham
yes,0,26,3.0,0.05,121.56,yes,no,0,12,1,4,Breanna Parker
yes,0,34,6.0,0.02,86.23,yes,no,1,48,1,5,Gabrielle Monroe
yes,0,28,2.6,0.05,105.1,yes,no,0,27,1,6,Christian Everett
yes,0,23,3.9,0.02,58.99,no,no,1,14,1,7,George Gomez
no,1,30,2.5,0.0,0.0,no,no,0,18,1,6,Jason Contreras
no,1,34,3.3,0.0,0.0,no,no,3,48,0,3,Mathew Armstrong
yes,0,31,5.9,0.03,123.89,no,no,1,12,1,2,Emily Golden
yes,1,36,7.8,0.01,78.54,yes,no,1,24,1,18,Kathryn Clark
no,3,32,2.06,0.0,0.0,no,no,0,48,1,8,Robert Terrell
yes,0,31,5.7,0.01,38.06,yes,yes,2,84,0,26,Amanda Burgess
yes,0,28,2.16,0.03,46.14,no,no,2,7,1,0,Gabrielle White
no,3,41,4.6,0.0,0.0,no,no,0,57,1,3,Valerie Carpenter
yes,0,21,3.5,0.09,265.01,no,no,2,42,1,9,Clifford Woods
yes,0,30,2.55,0.04,74.73,yes,no,1,11,1,0,Michael Hardy
yes,0,43,1.75,0.07,107.76,yes,no,0,18,0,2,Veronica Jennings
yes,0,29,1.95,0.0,6.5,yes,no,2,96,1,2,John Curry
yes,0,33,5.0,0.05,209.06,yes,no,3,10,1,10,Deborah Castaneda
yes,0,24,2.89,0.08,193.07,no,no,0,12,0,0,Ann Hamilton
yes,0,25,2.7,0.06,144.38,yes,no,1,17,1,8,Steven Wong
yes,0,24,4.0,0.11,358.97,no,no,0,7,1,10,Gina Harris
yes,0,24,2.3,0.03,59.15,no,no,0,12,1,0,Alyssa Holland
yes,0,32,2.4,0.0,0.0,no,no,1,11,1,8,Kevin Kramer
no,0,46,2.6,0.0,0.0,no,no,0,61,1,8,Michelle Hoffman
yes,0,21,2.4,0.23,465.2,yes,no,1,168,1,4,Michael Pierce
yes,0,36,2.52,0.07,142.24,no,no,2,53,0,3,Donna Ross
yes,0,23,1.56,0.39,501.8,no,no,0,33,0,1,Angelica Ortega
yes,0,49,2.4,0.04,88.59,no,yes,0,14,1,6,Eric Ibarra
yes,0,26,2.0,0.17,282.88,no,no,0,2,1,2,Jeffrey Callahan
yes,1,29,2.58,0.17,361.16,no,no,0,6,1,12,Bonnie Fisher
yes,0,33,3.15,0.06,150.18,no,yes,0,128,0,3,Charles Roth
yes,0,29,2.3,0.04,76.24,no,no,2,24,0,5,Ashley Holmes
yes,0,47,4.65,0.02,58.25,no,no,2,25,1,11,Christian Robles
yes,0,21,3.12,0.03,88.23,no,no,0,56,1,3,Alison Elliott
yes,0,30,2.0,0.0,7.08,yes,no,3,45,1,14,Erin Hunter
no,6,62,2.55,0.0,0.0,no,no,2,20,0,13,Heather Thompson
yes,1,21,2.46,0.14,289.04,no,no,1,4,1,11,Thomas Brown
yes,0,30,3.8,0.03,102.98,no,no,0,26,0,1,Tonya Williams
yes,0,47,2.64,0.01,13.92,yes,no,0,4,1,12,Kayla Nicholson
yes,1,39,7.0,0.11,641.42,yes,no,2,30,0,22,Michael Johnson
no,0,53,2.8,0.0,0.0,no,no,1,156,0,11,James Williams
no,0,22,3.15,0.0,0.0,no,no,2,19,0,0,Daniel Rogers
no,1,24,6.0,0.0,0.0,no,no,2,17,1,2,Daniel Lamb
yes,0,25,3.25,0.03,84.28,no,no,0,6,1,17,David Garcia
yes,0,61,4.32,0.04,132.85,yes,no,1,252,0,0,Christopher Hoffman
yes,0,29,2.5,0.08,159.6,no,no,0,7,1,21,Patrick Cook
yes,0,35,3.0,0.05,135.04,no,no,1,6,1,8,Noah Brown
yes,0,26,3.5,0.09,250.52,no,no,0,52,1,2,Jennifer Holden
yes,0,42,4.56,0.05,188.62,no,no,0,144,1,11,Shaun Roberts
yes,0,27,2.76,0.01,23.25,no,no,0,30,1,1,Sean Mason
yes,0,22,2.54,0.1,214.06,yes,no,2,23,1,9,Andrea Butler
no,7,40,3.24,0.0,0.0,no,no,0,50,1,16,Paul Andersen
no,2,35,3.84,0.0,0.0,no,no,0,38,0,2,Crystal James
yes,0,32,1.32,0.04,42.63,no,no,1,6,1,2,Patrick Osborne
no,0,25,3.9,0.0,0.0,no,no,0,18,1,3,William Martin
no,0,56,2.04,0.0,0.0,yes,no,0,35,1,11,Melissa Jensen
yes,1,30,7.29,0.08,474.5,yes,no,4,43,1,14,Gregory Sanford
yes,0,25,7.5,0.05,304.38,yes,no,0,300,1,8,James Simpson
yes,0,34,3.26,0.03,78.75,no,no,1,31,1,6,Benjamin Spence
yes,0,24,1.63,0.18,238.33,no,no,1,4,1,5,Rebecca Scott
yes,0,40,8.0,0.05,311.14,yes,no,2,38,1,0,Timothy Ingram
yes,0,31,2.2,0.04,77.05,yes,no,2,17,1,16,Johnny Moore
yes,0,27,5.0,0.03,120.4,yes,no,1,24,1,0,Troy Taylor
yes,0,30,3.0,0.06,156.57,yes,no,2,72,1,8,Brian Patrick
yes,0,46,2.0,0.01,10.58,yes,no,0,76,1,1,Ashley Brown
yes,0,20,1.54,0.09,114.82,no,no,0,6,1,2,Christopher Merritt
no,0,28,1.5,0.0,0.0,no,no,1,5,0,0,Brooke Brown
yes,0,51,3.0,0.07,179.77,yes,no,0,121,1,0,Joseph Jones
yes,1,41,5.0,0.15,625.37,yes,no,3,84,1,7,Carlos Romero
yes,0,51,4.72,0.02,84.9,yes,no,1,60,0,0,Jordan Bush
yes,0,53,1.5,0.0,0.0,yes,no,0,57,0,6,Mary Taylor
yes,0,26,2.3,0.04,67.67,no,no,0,24,1,0,Richard Carpenter
yes,0,20,1.6,0.08,111.69,no,no,0,3,1,0,Scott Kim
yes,0,27,2.2,0.14,257.3,no,no,0,3,0,1,Jennifer Mendez
yes,0,23,4.32,0.19,675.77,no,no,2,36,1,11,Richard Brown
no,0,23,2.6,0.0,0.0,no,yes,0,37,1,7,Brandon Lynch
yes,0,20,1.68,0.18,245.33,no,no,0,10,1,0,Loretta Wilson
yes,0,83,2.87,0.01,13.33,yes,yes,0,38,0,11,Mindy Chavez
yes,0,24,2.6,0.07,149.54,no,yes,0,21,1,2,Kevin Watson
yes,0,33,2.9,0.1,253.37,yes,no,2,14,1,20,Derrick Williams
yes,0,25,2.65,0.01,20.48,no,no,0,12,1,9,Johnny Gonzalez
yes,0,26,1.9,0.03,41.82,no,no,0,18,1,9,Michael Phillips
yes,0,65,2.95,0.05,118.71,yes,no,1,230,1,19,Robert Anderson
yes,0,21,3.12,0.09,225.46,no,no,1,10,0,6,Colleen Brown
yes,0,35,4.11,0.03,101.2,yes,no,1,37,1,23,Theresa Vargas
no,1,46,6.0,0.0,0.0,yes,no,2,84,1,46,Adam Johnson
yes,0,25,2.0,0.01,10.42,no,no,0,24,1,19,Joy White
no,2,35,3.38,0.0,0.0,yes,no,2,18,1,15,Brandon Moran
yes,0,33,3.5,0.0,7.17,no,no,0,12,1,0,James Gonzales
yes,0,30,2.6,0.01,12.08,yes,no,4,51,1,16,James Woods
no,11,26,3.5,0.0,0.0,no,no,0,14,0,27,Stephen Rodriguez
yes,1,24,2.8,0.06,146.86,no,no,0,14,1,11,Erin Murray
yes,0,37,5.9,0.07,324.62,yes,no,3,28,1,11,David Smith
yes,0,46,5.4,0.06,268.72,yes,no,4,204,1,7,Cathy Anderson
yes,0,29,2.8,0.11,249.17,no,no,0,50,1,3,Thomas Burns
yes,0,43,3.9,0.02,50.08,yes,no,3,179,1,6,Madeline Smith
yes,0,46,3.4,0.03,87.64,no,no,0,42,1,4,Billy Long
yes,0,21,2.08,0.12,203.37,no,no,0,5,1,0,Jeremiah Lopez
yes,0,57,2.5,0.05,105.12,yes,no,0,24,1,13,Vincent Harris
yes,1,23,1.95,0.03,50.18,no,no,0,3,1,4,Jessica Atkinson
yes,0,25,2.1,0.19,327.11,no,no,0,15,1,6,Shannon Brown
no,0,30,3.0,0.0,0.0,yes,no,1,28,1,6,Kayla Lee
yes,1,34,3.2,0.07,175.14,yes,no,2,25,1,8,Bradley Rose
no,4,37,2.6,0.0,0.0,no,no,0,40,1,14,Molly Williams
yes,0,40,3.07,0.16,408.08,no,no,2,18,0,0,Shawna Campbell
yes,0,24,2.8,0.01,33.57,no,no,0,60,1,11,Justin Williams
yes,0,31,4.8,0.1,404.49,yes,no,0,30,1,13,Michael Erickson
no,0,41,4.74,0.0,0.0,yes,no,0,13,1,0,Julie Bishop
yes,0,29,2.8,0.03,80.45,yes,no,0,80,1,14,Michael Delacruz
yes,0,35,4.2,0.0,8.33,yes,no,4,59,1,13,Judy Wood
yes,0,42,4.0,0.07,240.28,no,no,2,180,1,9,Jason Rich
no,4,25,1.65,0.0,0.0,no,no,0,36,1,5,Joshua Rivera
yes,0,34,4.3,0.02,88.95,no,no,1,12,1,2,Gregory Hartman
yes,0,63,6.45,0.0,0.0,yes,no,0,42,1,13,Paul Santos
yes,1,21,3.0,0.0,11.0,no,no,1,18,0,7,Thomas Thomas
yes,0,21,1.75,0.19,281.81,no,no,0,6,0,3,Timothy Cox
no,0,22,1.8,0.0,0.0,no,no,0,3,0,6,Lori Adams
yes,0,22,2.15,0.01,17.17,no,no,0,12,1,1,Felicia Melendez
no,0,23,7.88,0.0,0.0,no,yes,4,6,1,9,Rose Donaldson
no,2,26,2.6,0.0,0.0,no,no,0,12,1,9,Ralph Lloyd
yes,0,35,2.42,0.06,119.62,yes,no,0,56,1,10,Brian Murphy
yes,0,41,2.8,0.04,86.55,yes,no,0,48,0,6,Diane Day
yes,0,40,3.64,0.03,94.12,no,no,1,41,1,1,Jorge Rich
yes,1,53,10.0,0.1,832.24,yes,no,3,120,1,3,Jerry Rodriguez
no,0,20,1.95,0.0,0.0,no,no,0,14,0,1,Michael Harrison
yes,2,34,6.5,0.14,762.38,yes,no,0,12,1,13,Robert Collier
yes,0,32,3.8,0.01,26.0,yes,no,0,51,1,7,Michael Lee
yes,0,40,2.15,0.13,227.6,no,no,1,67,0,16,Daniel Peterson
yes,2,38,4.0,0.11,379.87,no,no,0,120,1,8,Dr. Cindy Lee
yes,0,22,3.1,0.24,620.05,no,no,0,3,1,0,Jessica Sutton
no,0,31,4.01,0.0,0.0,no,no,0,42,1,0,Ronald Diaz
yes,0,29,4.58,0.01,48.62,no,no,0,50,1,7,Donald Martinez
yes,0,33,1.8,0.13,195.45,yes,no,3,12,1,2,Alicia Mann
no,4,38,1.71,0.0,0.0,no,no,2,42,1,2,Steven Morales
yes,0,21,2.26,0.06,122.19,yes,no,0,6,1,0,Alex Mason
yes,0,26,3.5,0.13,384.9,no,no,2,12,1,0,Shane Robinson
yes,0,40,10.0,0.02,129.33,yes,no,4,72,1,21,Andrew Henry
yes,0,23,1.57,0.0,0.0,yes,no,1,6,1,0,Yolanda Coleman
yes,0,37,2.96,0.0,4.58,yes,yes,1,93,1,13,Frank King
yes,1,27,2.7,0.09,210.65,no,no,0,9,1,13,John Arellano
yes,0,21,2.16,0.11,198.55,yes,no,0,18,1,7,Zachary Foley
yes,0,26,4.0,0.0,3.17,no,no,2,18,0,0,Andrew Combs
no,5,31,4.5,0.0,0.0,yes,no,0,36,1,11,Amy Campbell
no,0,33,1.8,0.0,0.0,yes,no,2,11,1,13,Eric Wilkerson
yes,0,27,2.75,0.07,153.73,no,no,0,6,1,3,Dawn Anderson
yes,0,39,2.42,0.02,34.16,yes,no,1,49,1,25,Nathan Watson
no,0,23,2.25,0.0,0.0,no,no,3,12,1,0,Jose Moore
no,0,23,1.2,0.0,0.0,no,no,0,15,0,0,Stephen Ford
no,2,28,2.6,0.0,0.0,yes,no,2,31,1,3,Ronald Collins
no,0,26,1.5,0.0,0.0,no,no,0,8,1,0,Justin Savage
yes,0,25,2.1,0.2,344.18,yes,no,1,22,1,19,Stephanie Sullivan
yes,0,0,3.24,0.18,497.71,yes,no,3,25,1,16,Heather Mendoza
no,0,36,2.22,0.0,0.0,yes,no,2,4,1,0,Terry Mitchell
no,2,34,4.9,0.0,0.0,no,no,2,408,1,3,John Newman
yes,0,41,2.3,0.05,87.1,yes,no,0,42,1,12,John Leach
no,2,28,3.3,0.0,0.0,no,no,1,36,1,17,Derek Brown
no,3,44,2.5,0.0,0.0,yes,no,2,62,1,18,Lisa Palmer
yes,0,34,2.2,0.04,80.87,yes,no,2,4,1,10,Jason Davis
yes,1,35,2.4,0.07,143.35,yes,no,0,27,1,18,Gregory Vazquez
yes,0,22,2.7,0.05,105.28,no,no,0,15,1,7,Donald Wood
yes,0,34,3.7,0.19,583.78,yes,yes,2,5,1,2,Angela Lewis
no,5,27,2.12,0.0,0.0,no,no,0,44,1,10,Betty Phelps
yes,0,34,6.2,0.18,950.86,yes,no,0,60,1,11,Fernando Roach
yes,0,40,2.5,0.05,105.96,no,no,1,24,1,2,Andrew Gomez
no,1,24,2.0,0.0,0.0,no,no,0,52,0,3,Roger Ingram
no,0,30,2.4,0.0,0.0,no,yes,2,72,1,11,Heather Miller
yes,0,45,4.03,0.04,137.07,no,no,0,72,1,2,Michael Garza
no,0,31,3.0,0.0,0.0,no,no,0,12,0,0,Christina Medina
yes,0,24,2.9,0.0,0.31,yes,no,0,60,1,8,Leah Scott
yes,0,27,1.99,0.06,100.14,yes,no,1,12,1,5,Robert Pollard
yes,0,56,1.92,0.2,320.68,yes,yes,1,64,1,9,Corey Crawford
yes,1,34,5.0,0.16,683.43,yes,yes,1,108,1,6,Nicole Malone
no,2,32,2.16,0.0,0.0,yes,no,1,38,0,8,Jason Thomas
yes,0,26,2.2,0.08,145.7,no,no,0,30,1,3,Melissa Wagner
yes,0,20,2.24,0.05,93.92,no,no,0,27,1,1,David Myers
no,2,40,2.4,0.0,0.0,no,no,0,72,1,6,Tanya Rodriguez
yes,0,40,1.9,0.11,167.83,yes,no,3,108,1,17,Kelly Jacobs
yes,0,25,5.5,0.15,703.41,yes,no,1,30,1,13,Ryan Boone
no,0,32,2.16,0.0,0.0,no,no,0,42,0,0,Hannah Ramirez
yes,2,26,7.0,0.22,1292.0,no,yes,0,13,1,31,Dr. Jimmy King
no,3,36,2.6,0.0,0.0,yes,no,1,54,1,14,Michael Gray
no,0,22,2.5,0.0,0.0,no,no,0,27,1,0,Sarah Johnson
yes,0,28,3.9,0.08,248.91,no,no,0,48,1,10,Jessica Scott
yes,0,49,5.2,0.02,71.53,yes,no,1,15,1,6,Timothy Webb
yes,1,24,3.25,0.13,347.95,no,no,0,12,0,5,Heather Brown
yes,0,32,3.6,0.0,4.58,no,no,0,25,1,2,Mark Solis
yes,0,32,10.0,0.1,831.73,yes,no,3,7,1,28,Tiffany Martinez
yes,0,36,3.7,0.03,101.76,yes,no,2,6,0,18,Tyler White
yes,0,29,4.47,0.11,424.18,yes,yes,0,63,1,5,Michael Weiss
no,0,36,5.2,0.0,0.0,yes,no,2,12,1,0,Travis Burton
yes,0,22,4.8,0.06,232.28,no,no,2,2,1,4,Jose Stephens
yes,0,61,1.5,0.27,335.56,yes,no,1,372,1,24,Cindy Spencer
yes,0,54,1.5,0.02,20.18,no,no,0,24,0,1,Donald Richards
no,0,25,1.85,0.0,0.0,no,no,0,14,1,0,Brittany Rodriguez PhD
yes,0,30,2.45,0.06,119.0,no,no,0,8,1,0,Karen Peck
yes,0,27,1.89,0.04,69.03,no,no,0,51,1,12,Justin Tran
yes,0,39,3.5,0.05,131.67,yes,no,2,113,0,13,Micheal Thompson
no,0,24,2.79,0.0,0.0,no,no,0,4,1,0,Rachel Reynolds
yes,0,47,4.5,0.14,523.12,yes,no,0,3,1,13,William Hunt
no,4,24,2.8,0.0,0.0,no,no,0,12,1,7,Jeff Vaughn
no,3,32,2.8,0.0,0.0,yes,no,3,106,0,11,Mary Silva
yes,0,33,4.5,0.1,391.42,no,no,1,36,1,2,James Cooper
yes,0,45,3.8,0.03,99.1,yes,no,1,90,1,3,Sandra Ward
no,0,32,5.0,0.0,0.0,no,yes,0,14,1,0,Paul Figueroa
yes,0,23,2.7,0.17,379.3,no,no,0,2,1,0,Tara Rivera
no,2,25,2.5,0.0,0.0,no,yes,1,30,1,18,Lee Fowler
yes,0,26,3.2,0.15,398.85,yes,no,2,12,1,0,Nicole Peterson
yes,0,22,1.92,0.02,34.09,yes,no,2,12,1,21,Dr. Amanda Thomas
yes,0,45,2.31,0.22,423.13,no,no,1,94,1,5,Stephen Pope
no,0,29,1.7,0.0,0.0,no,no,1,28,1,0,John Nguyen
yes,0,48,3.0,0.1,241.42,yes,no,2,120,0,3,Heather Washington
yes,0,39,2.45,0.07,145.72,yes,no,3,38,1,8,Christopher Valentine MD
yes,0,20,3.4,0.0,0.92,no,no,0,15,0,0,Adam Martinez
yes,0,32,2.5,0.25,512.01,no,no,1,6,1,9,Louis Blankenship
yes,0,39,3.0,0.13,318.51,yes,no,0,72,1,9,Maria Butler
yes,0,26,3.15,0.07,189.68,no,no,0,6,1,0,Michelle Day
yes,0,27,3.5,0.07,194.47,no,no,0,6,1,0,Joyce Marshall
yes,0,19,1.8,0.12,182.61,no,no,0,12,1,0,Bradley Prince
yes,0,24,2.25,0.16,297.03,no,no,1,10,1,9,Kristen Atkins
yes,0,22,2.0,0.02,37.97,no,no,0,25,1,11,Michael Cruz
yes,0,27,4.1,0.12,395.58,yes,no,2,41,1,14,George Raymond
yes,0,23,2.97,0.08,204.54,no,no,0,4,1,7,Steven Lewis
yes,0,41,5.5,0.03,148.37,yes,no,3,9,1,0,Michael Perry
yes,0,27,3.15,0.06,170.47,yes,no,2,24,1,9,Sheila Ware
yes,0,46,3.5,0.04,122.93,no,yes,2,48,1,1,Dylan Abbott
yes,0,21,1.53,0.0,4.58,no,no,0,14,1,11,Amanda Mitchell
yes,0,32,5.1,0.1,430.69,yes,no,0,38,1,10,Alexander Clayton
yes,0,22,2.25,0.01,20.08,no,no,0,12,1,4,Brandon Bartlett
yes,0,25,3.41,0.01,17.78,yes,no,1,7,1,6,Jill Moore
yes,0,35,3.7,0.12,376.63,yes,no,1,12,1,0,Jacob Carter
no,0,34,3.4,0.0,0.0,no,no,0,12,1,0,Jack Glenn
yes,0,35,4.14,0.14,474.06,yes,no,0,12,1,18,Donald Walker
no,4,38,4.8,0.0,0.0,yes,no,1,42,1,6,Kimberly Grant
yes,0,34,7.0,0.05,293.07,yes,no,3,3,1,0,Andrew Castillo
yes,0,28,7.0,0.11,631.97,yes,yes,0,12,1,5,Daniel Beasley
yes,1,29,2.2,0.04,69.79,no,no,0,49,1,7,Leon Glass DDS
no,0,28,2.06,0.0,0.0,yes,no,0,31,0,12,Nicole Williams
no,0,22,1.54,0.0,0.0,no,no,0,12,0,3,Jason Fowler
no,3,36,4.0,0.0,0.0,yes,no,0,28,1,12,Carrie Hooper MD
yes,0,43,10.5,0.0,8.75,yes,no,4,168,1,16,Scott Gonzalez
yes,0,32,3.05,0.05,127.47,no,no,0,62,0,10,Anthony Spencer
yes,1,56,3.48,0.06,182.1,yes,no,0,540,1,7,Elizabeth Hines
yes,0,24,3.0,0.0,6.15,yes,no,2,18,1,6,Donald Payne
yes,0,34,5.1,0.1,412.19,yes,no,4,3,1,0,Joshua Fuentes
yes,0,53,2.45,0.02,35.67,yes,no,0,3,1,11,Robert Burgess
yes,0,31,2.0,0.12,205.94,yes,no,1,42,0,6,Michael Curtis
yes,0,54,4.0,0.01,43.97,yes,no,1,188,1,13,Grant Newman
yes,0,45,3.48,0.06,188.1,yes,yes,1,16,1,21,Bradley Hudson
yes,0,20,2.0,0.0,7.08,yes,yes,0,18,0,3,Lisa Oliver
yes,0,27,2.15,0.27,484.44,no,no,0,6,1,12,Shane Wallace
no,0,37,4.47,0.0,0.0,no,no,2,60,1,15,Tina Galvan
yes,0,33,1.7,0.01,8.78,no,no,0,146,1,17,Jose Douglas
yes,0,28,3.0,0.07,174.92,no,no,0,18,1,11,John Austin
yes,0,27,2.36,0.01,21.33,yes,no,2,6,1,5,Anthony King
yes,0,50,4.5,0.1,361.0,yes,no,2,301,1,11,Jason Ball
yes,0,48,3.7,0.04,114.6,yes,no,2,192,0,7,Martin Smith
yes,0,25,5.5,0.02,113.3,yes,yes,0,16,1,0,Matthew Hughes
yes,0,30,3.37,0.01,33.51,yes,no,0,10,1,9,Robert Washington
yes,0,63,5.5,0.02,93.62,yes,no,1,192,1,15,Monica Rodriguez
no,1,32,6.0,0.0,0.0,yes,no,4,18,1,4,Steven Warner
yes,0,28,6.9,0.07,415.81,yes,no,0,14,1,0,Teresa Mcmahon
yes,0,28,2.75,0.38,875.89,yes,no,1,3,1,3,Stacy Gaines PhD
yes,0,0,2.5,0.08,173.02,no,no,0,150,1,5,Karen Evans
yes,0,25,2.0,0.0,7.42,no,no,0,26,1,13,Dakota Brown
yes,0,21,2.69,0.07,165.93,no,no,3,85,1,12,Tony Estes
yes,0,27,2.68,0.01,15.58,no,no,4,36,1,4,James Swanson
yes,0,22,1.8,0.12,178.92,no,no,0,6,0,2,Clayton Johnson
yes,0,25,1.56,0.04,44.94,no,no,1,12,1,0,David Rose
yes,0,20,1.5,0.12,149.55,no,no,0,3,1,3,Samantha Daniel
yes,0,25,1.88,0.0,3.75,no,no,0,4,1,5,Kevin Howard
no,2,36,2.52,0.0,0.0,yes,no,0,77,1,9,Kristine Mendoza
yes,0,19,2.23,0.04,82.92,no,no,0,133,0,5,Michael Montes
no,0,31,1.78,0.0,0.0,no,no,0,14,1,0,Cody Lewis
yes,0,29,4.01,0.0,8.33,no,no,0,120,1,15,Jane Mcintyre
yes,0,51,12.5,0.3,3099.5,yes,no,1,120,1,21,Katie Campbell
yes,0,31,1.6,0.23,300.46,no,no,0,6,1,8,Christina Alexander
yes,0,46,5.0,0.03,112.92,yes,no,1,7,1,7,Kristen Graves
yes,0,24,2.28,0.05,94.14,yes,no,2,31,1,6,Anthony Barnett
yes,0,54,3.4,0.08,215.44,no,no,1,12,1,7,Sandy Stewart
yes,0,21,1.75,0.02,35.17,yes,no,0,131,1,3,Tony Walker
yes,0,27,3.25,0.01,22.46,yes,no,0,48,1,6,Maria Ramos
yes,0,45,3.9,0.09,294.58,no,no,0,120,1,12,Isabel Robinson MD
no,0,35,1.85,0.0,0.0,no,no,0,62,0,0,Kevin Jenkins
yes,0,40,4.0,0.0,10.29,yes,no,1,84,1,9,George Rosales
yes,0,54,4.3,0.18,632.08,yes,no,1,120,1,6,Matthew Holland
yes,0,28,3.5,0.11,326.57,yes,no,2,48,0,7,Andrea Miller
yes,1,34,8.1,0.11,747.67,yes,yes,3,36,1,15,Melissa Lee
yes,1,30,4.0,0.05,170.18,yes,no,5,28,1,7,Bryan Quinn
yes,1,33,2.0,0.91,1510.53,no,no,0,12,1,5,Susan Huang
no,0,0,3.0,0.0,0.0,no,no,0,18,0,2,Matthew Anderson
yes,0,51,5.3,0.04,191.7,no,no,1,108,1,2,Hannah Kirby
no,7,25,2.6,0.0,0.0,no,no,3,36,1,11,Steve Miller
yes,0,27,2.52,0.09,188.19,no,no,1,12,1,0,John Knight
no,0,23,2.2,0.0,0.0,no,no,0,31,0,0,Melanie Gregory
yes,0,29,2.5,0.53,1096.66,no,no,0,12,1,14,Gilbert Ford
yes,0,33,3.5,0.09,276.98,no,no,0,4,1,13,Charles Phillips
no,1,30,4.35,0.0,0.0,no,no,0,28,1,5,Brian Hopkins
no,0,38,1.6,0.0,0.0,no,no,0,51,1,1,Bryce James
yes,0,32,2.0,0.02,38.36,no,no,2,24,1,4,Mario Gardner
yes,1,43,4.8,0.37,1482.37,yes,no,0,3,1,4,Diane Smith
yes,0,29,3.0,0.02,45.88,yes,no,2,28,1,4,Charles Morales
yes,0,62,1.64,0.05,64.07,yes,no,0,270,0,1,Charles Thomas
no,2,35,2.9,0.0,0.0,no,no,1,102,1,21,Natalie Hale
yes,0,21,2.38,0.02,35.17,no,no,0,7,0,5,Brandon Villa
yes,0,38,2.3,0.07,129.42,yes,no,0,3,1,3,Richard Mccarthy
yes,0,39,8.1,0.1,663.77,yes,no,3,43,1,13,Michael Johnson
no,2,40,3.57,0.0,0.0,no,yes,0,31,1,7,Casey Kerr
no,0,34,1.94,0.0,0.0,no,no,1,54,1,1,Annette Sanford
yes,0,34,2.75,0.03,75.63,yes,no,0,151,1,11,John Dunn
yes,0,28,3.5,0.0,3.75,yes,no,1,31,1,7,Sean Obrien
yes,0,47,7.0,0.05,301.25,yes,no,1,144,1,8,Sara Fuller
yes,0,28,2.8,0.1,224.58,no,no,0,5,0,1,John Rosales
yes,0,22,1.95,0.04,60.58,no,no,0,3,1,0,Michael Mcclain
no,0,45,6.5,0.0,0.0,no,no,2,34,1,9,Lindsey Jackson
yes,0,22,2.5,0.24,498.93,no,no,0,2,1,0,Kimberly Miller
yes,1,37,3.0,0.0,8.33,no,no,0,60,1,9,Jessica Cannon
yes,0,27,1.8,0.07,105.51,yes,no,2,6,1,4,Charles Pope
yes,0,39,2.6,0.03,56.33,yes,no,3,70,1,9,Erica Williams
yes,0,51,3.6,0.07,212.48,yes,no,1,125,1,13,Michael Mckee
yes,0,23,2.3,0.01,14.33,no,no,2,14,0,0,Joshua Thornton
no,1,21,1.78,0.0,0.0,no,no,0,5,1,1,Wendy Thomas
yes,0,21,3.86,0.0,0.0,yes,yes,0,18,1,8,Kyle Stevens
yes,0,45,4.9,0.01,58.93,yes,no,2,159,1,4,Matthew Newton
no,0,39,3.6,0.0,0.0,no,no,0,14,0,0,James Barry
yes,0,42,3.24,0.02,66.26,yes,no,2,36,1,3,Michael Wiley
no,2,27,1.85,0.0,0.0,no,no,0,24,1,12,Holly Harris
yes,0,25,1.85,0.06,91.96,yes,no,0,24,1,9,Lisa Williams
yes,0,25,1.56,0.17,215.88,no,no,0,12,1,0,Joseph Mcgee
yes,0,31,4.08,0.01,22.99,yes,no,1,101,1,9,Lisa Buchanan
no,5,25,3.3,0.0,0.0,yes,no,1,75,1,23,Shane Mayer
yes,0,24,2.51,0.11,240.38,no,no,0,10,1,12,Micheal Walsh
yes,0,28,4.38,0.02,89.96,yes,no,1,84,0,1,Thomas Soto
yes,0,26,2.35,0.06,126.65,no,no,1,26,1,2,Isabella Bush
yes,0,20,4.0,0.04,140.35,yes,no,0,24,1,4,Bruce Vazquez
no,2,35,5.1,0.0,0.0,yes,no,1,63,1,8,Lisa Summers
yes,0,32,3.0,0.12,294.56,yes,no,2,9,1,0,Richard Cooper
yes,0,28,3.5,0.02,68.36,yes,no,5,42,1,12,Cassandra Conner
yes,0,39,3.5,0.03,101.49,yes,no,0,12,1,0,Billy Nelson
yes,0,34,5.5,0.24,1088.74,yes,no,4,12,1,0,David Johnson
yes,0,51,3.8,0.02,47.79,yes,no,1,51,1,5,Diane Hall
yes,0,22,1.79,0.03,50.03,no,no,0,3,1,0,Brian Arias
yes,0,38,5.1,0.08,344.01,yes,no,3,126,1,17,Corey Watson
yes,0,46,8.94,0.03,188.3,yes,no,0,96,1,17,Dr. Crystal Palmer
yes,0,50,7.1,0.04,245.35,yes,no,2,12,1,0,Daniel House
yes,0,32,2.4,0.14,285.28,yes,no,0,96,0,8,Anthony King
yes,1,30,3.3,0.01,17.58,no,no,0,19,1,12,Krista Stevens
yes,0,38,6.5,0.29,1569.68,yes,no,4,117,1,18,Jason Mitchell
yes,0,39,4.81,0.01,43.74,yes,no,1,8,1,9,Kirsten White
yes,0,39,3.0,0.02,55.76,yes,yes,1,132,1,22,Eric Simon
yes,0,41,2.7,0.04,97.51,yes,no,2,28,1,11,William Allen
yes,0,38,5.4,0.01,58.05,yes,yes,0,108,1,17,Carl Watson
yes,0,37,8.12,0.03,213.13,yes,yes,3,120,1,5,Christopher Weber
yes,0,27,3.04,0.04,96.0,no,no,0,13,1,0,Jack Morrison
yes,1,29,2.08,0.04,61.2,yes,no,2,12,1,11,Edward Hill
yes,0,28,1.51,0.0,0.0,no,no,0,44,1,15,Matthew Maddox
no,1,31,3.0,0.0,0.0,yes,no,2,51,1,2,Charles Wise
yes,0,30,2.6,0.3,640.65,yes,no,0,25,1,4,Jessica Taylor
yes,0,37,2.5,0.03,61.74,yes,no,2,120,0,4,Wendy Howard
yes,0,44,3.5,0.01,34.53,yes,no,1,33,1,13,Susan Fields
yes,0,25,2.4,0.11,213.29,no,no,0,5,1,10,Sean Cole
yes,0,26,2.32,0.01,14.0,no,no,0,2,1,0,Amy Anderson
yes,0,46,2.58,0.08,164.64,yes,no,2,120,0,15,Jimmy Powell
yes,0,28,2.1,0.09,158.61,yes,no,1,24,0,11,Douglas Schneider
yes,0,38,2.35,0.07,133.97,no,no,1,72,1,8,David Hill
yes,0,46,2.8,0.0,0.0,yes,no,1,84,1,2,Richard Aguilar
no,2,52,3.7,0.0,0.0,no,no,4,1,1,6,Lindsay Russell
no,0,37,1.68,0.0,0.0,yes,no,3,120,0,8,Christina Bullock
no,0,25,2.64,0.0,0.0,no,no,0,24,1,33,Bradley Miller
yes,1,28,2.3,0.03,66.3,yes,no,1,24,1,14,Stacy Clark
yes,2,35,6.89,0.01,58.51,yes,no,0,5,1,18,Robert Bishop
no,4,25,4.0,0.0,0.0,no,no,0,36,1,32,Donna Lopez
yes,0,28,2.0,0.06,100.42,yes,no,1,38,0,8,Mr. Carl Gutierrez
no,0,19,1.97,0.0,0.0,no,no,1,24,1,2,Bryan Schneider
yes,0,25,3.0,0.01,25.51,no,no,2,3,1,11,Russell Knight
yes,0,26,2.75,0.18,420.58,yes,no,1,6,1,11,Justin Neal
yes,0,31,5.0,0.07,309.91,yes,no,2,12,1,12,Tom Ramirez
yes,0,33,2.1,0.04,78.26,no,no,4,12,1,0,Lynn Daniel
yes,0,27,4.0,0.04,123.22,yes,no,2,2,1,0,Ronnie Mason
yes,1,48,3.0,0.03,79.18,yes,yes,0,180,1,12,Jose Thompson
yes,0,36,3.3,0.16,431.14,no,no,0,3,1,0,David Owens
no,3,45,2.35,0.0,0.0,no,no,0,36,1,15,Miranda Nelson
no,2,53,2.16,0.0,0.0,no,yes,0,74,0,5,Jason Collins
yes,0,27,3.9,0.04,134.39,yes,no,3,12,1,6,Thomas Clark
yes,0,40,2.31,0.03,54.97,no,no,1,158,1,9,Charles Hughes
yes,0,49,1.7,0.0,0.0,no,no,1,14,0,6,Paul Jensen
yes,0,40,2.0,0.07,120.56,no,no,0,24,1,4,Andrew Gomez
yes,0,23,4.8,0.08,320.49,no,yes,0,42,1,2,Jeffrey Gregory
yes,0,34,3.0,0.54,1352.49,yes,no,0,72,1,3,John King
yes,0,21,1.56,0.07,87.15,no,no,0,24,0,5,Kathleen Zuniga
yes,0,39,2.0,0.05,81.26,yes,no,2,200,1,9,Ronald Brock
yes,0,24,2.6,0.3,643.32,no,no,1,10,1,11,Joseph Harris
yes,0,47,4.68,0.03,134.92,yes,no,1,210,1,6,Aaron Mora
yes,0,34,4.0,0.26,860.76,no,yes,0,204,0,6,Jackson Cunningham
yes,0,52,1.87,0.06,85.98,yes,no,0,250,1,4,Mark Diaz
yes,3,47,3.1,0.18,463.15,no,no,0,24,1,15,Michael Meyer
yes,0,25,2.8,0.06,134.2,no,no,0,6,0,3,Vanessa Weaver
yes,0,24,2.04,0.11,192.72,no,no,0,109,1,5,Frederick Williams
yes,0,24,2.1,0.32,562.36,no,no,0,28,1,5,Emily Walker
yes,0,22,2.0,0.16,274.95,no,no,0,13,1,7,Tanner Murphy
yes,0,33,5.6,0.09,398.05,yes,no,4,84,1,4,Raymond Yates
yes,0,38,3.0,0.05,124.48,yes,no,1,84,1,11,Derrick Wong
yes,0,22,2.4,0.08,163.42,no,no,0,23,1,0,Stephen Stewart
yes,0,23,1.85,0.06,93.31,no,no,0,4,1,1,Renee Hudson
yes,0,24,2.9,0.05,113.25,yes,no,0,60,1,3,James Randolph
no,0,26,2.0,0.0,0.0,no,yes,1,63,1,2,Leslie Davis
yes,0,52,1.89,0.02,37.43,no,no,0,240,1,6,Ricky Davis
yes,0,20,2.0,0.2,341.24,no,no,0,24,1,7,Anthony Barton
yes,0,25,1.64,0.37,508.29,no,no,0,19,1,9,Katie Cortez
no,4,22,2.34,0.0,0.0,no,no,0,61,1,6,Joshua Fry
yes,0,24,1.9,0.27,432.36,no,no,0,19,1,6,Mark Ballard
yes,0,21,1.53,0.04,46.29,yes,no,0,22,1,11,Randall Harper
yes,0,22,3.99,0.08,253.63,no,no,0,268,1,2,Joshua Johns
yes,0,46,1.6,0.05,61.74,no,no,0,162,1,11,Kevin Mack
yes,0,19,1.8,0.08,125.89,no,no,0,3,1,0,Troy Larsen
yes,1,29,3.7,0.6,1836.98,no,no,0,24,1,7,Jennifer Reynolds
yes,0,28,2.1,0.01,15.58,no,no,0,28,1,5,Raymond Williams
yes,0,26,2.0,0.03,51.75,no,no,1,6,1,1,Christopher Wilkins
no,1,44,2.6,0.0,0.0,yes,no,0,48,1,1,James Larson
yes,0,27,2.68,0.03,77.29,yes,no,0,135,1,0,Ashley Cox
no,1,30,4.16,0.0,0.0,yes,yes,2,37,1,15,Kenneth Gomez
yes,0,24,2.1,0.14,240.48,no,no,1,24,1,5,Kendra Duncan
yes,0,28,2.4,0.03,67.4,no,no,1,24,1,4,Alex Miller
yes,0,39,3.12,0.03,69.27,yes,yes,2,66,1,5,Eric Anderson
yes,0,31,3.0,0.07,172.57,yes,no,1,24,1,13,Jordan Flynn
yes,0,40,3.12,0.08,199.0,yes,no,1,60,1,11,Kevin Middleton
no,3,23,1.62,0.0,0.0,no,no,1,144,0,4,Christopher Ritter
yes,0,43,4.37,0.04,160.48,yes,no,2,110,1,10,Hannah Lopez
no,0,25,2.53,0.0,0.0,no,no,0,14,1,3,Christian Williams
no,2,40,3.1,0.0,0.0,yes,no,1,66,1,5,Eddie White
no,7,32,2.72,0.0,0.0,no,no,1,60,0,10,Jesus Estrada
yes,0,42,4.04,0.01,44.41,no,no,0,5,1,6,Jeffrey Ochoa
yes,0,47,2.75,0.21,492.26,no,no,0,156,0,11,Isaiah Norman
yes,0,27,3.0,0.16,401.93,no,no,1,24,1,2,Robin Ray
yes,0,30,3.15,0.07,179.18,yes,no,1,19,1,9,Sierra James
no,0,38,5.97,0.0,0.0,yes,no,1,3,1,19,William Thompson
yes,0,31,2.6,0.08,182.17,no,no,0,5,1,0,Michael Webb
no,0,47,8.4,0.0,0.0,yes,no,3,6,1,0,Sabrina Walker
yes,0,21,1.95,0.04,61.95,no,no,0,40,0,4,Mark Perkins
yes,0,36,3.0,0.03,80.83,yes,no,3,134,0,4,Lauren Nelson
yes,0,23,2.8,0.0,8.33,yes,no,0,12,1,3,Kevin Hunter
yes,1,25,4.55,0.04,169.06,yes,no,1,42,1,10,Sarah Griffin
yes,0,21,1.99,0.03,57.98,no,no,2,8,1,5,Philip Jones
yes,0,48,4.5,0.05,203.13,no,no,2,17,1,0,Sydney Swanson
no,0,35,4.0,0.0,0.0,no,no,2,70,1,1,Colleen Mooney
yes,0,39,3.5,0.06,181.02,yes,no,1,42,1,0,Jesus Green
no,1,27,2.15,0.0,0.0,no,no,0,97,1,1,Tyler Flores
no,0,23,1.62,0.0,0.0,no,no,0,32,1,7,Jason Miller
yes,0,31,3.5,0.17,483.06,no,no,1,14,0,0,Andrea Miller
yes,0,26,2.9,0.01,15.94,yes,yes,1,26,1,3,Audrey Ramos
yes,0,39,3.41,0.06,180.66,no,yes,1,120,1,7,Jim Perkins
yes,0,24,4.0,0.0,4.58,no,yes,2,48,1,4,Jason Hall
yes,0,27,2.6,0.88,1902.0,no,no,0,4,1,7,Becky Dunn
yes,0,24,2.07,0.21,356.78,no,no,0,4,1,17,Debra Wolf
yes,0,44,2.4,0.0,0.0,no,no,0,36,1,11,George Marsh
yes,0,25,3.42,0.01,24.58,no,no,0,3,1,0,Kimberly Lee
yes,0,21,6.7,0.05,302.25,no,no,0,8,1,6,Sean Price
yes,0,40,5.43,0.01,33.22,no,no,0,14,1,11,Michael Walker
yes,0,24,1.62,0.01,13.69,no,no,0,12,0,4,Amanda Friedman
yes,0,31,2.42,0.06,116.35,no,no,0,24,1,7,Anne Figueroa
yes,0,24,3.4,0.05,144.4,no,no,0,12,1,8,Natasha Harris
yes,0,47,3.6,0.04,113.75,yes,yes,2,120,1,12,Emma Johnson
yes,0,27,2.5,0.09,184.94,no,no,0,12,1,8,Raymond Holloway
yes,0,49,1.75,0.01,15.33,yes,no,1,38,1,3,Wayne Duncan
yes,0,32,2.5,0.05,113.18,no,no,0,8,1,5,Bobby Santos
yes,0,35,4.5,0.01,37.58,yes,no,3,144,1,3,Joseph Cox
no,1,26,2.47,0.0,0.0,yes,no,0,14,1,20,Ronnie Cortez
yes,0,20,2.7,0.07,156.9,no,no,1,38,1,10,Robert Alexander
no,0,34,2.4,0.0,0.0,no,no,0,27,1,2,James Williams
yes,0,49,6.9,0.06,349.2,yes,no,3,160,0,0,Hannah Marshall
yes,0,40,4.8,0.15,615.12,yes,no,3,122,1,17,Ashley Marsh
yes,0,20,1.92,0.13,208.08,no,no,0,84,1,6,Brittany Bennett
yes,0,40,2.8,0.04,88.74,no,no,3,19,0,0,Madison Murphy
yes,0,25,1.69,0.02,34.52,no,no,0,3,0,16,John Foley
yes,0,29,3.5,0.13,366.74,no,no,0,19,1,0,Danielle Moran
yes,1,40,2.25,0.02,44.0,no,no,0,86,1,10,Kevin Johnson
no,2,30,2.32,0.0,0.0,no,no,1,17,1,8,Mark Williams
yes,0,30,4.0,0.09,299.89,yes,no,1,37,0,6,Brian Holder
yes,0,40,4.5,0.1,359.12,no,no,5,2,1,0,David Bell
yes,0,23,3.18,0.09,246.57,no,no,0,17,1,3,Jason Martinez
yes,0,23,3.0,0.03,63.99,no,no,0,3,1,0,Jaime Nichols
yes,0,31,3.0,0.02,51.64,yes,no,2,44,0,12,Thomas Smith
no,0,24,2.0,0.0,0.0,no,no,0,7,0,6,Fred Anderson
yes,0,36,3.5,0.22,633.41,yes,no,0,95,1,17,Michael Gutierrez
yes,0,0,4.0,0.07,242.13,yes,no,3,24,1,4,Jessica Thomas
no,0,28,2.58,0.0,0.0,yes,no,0,41,1,11,Christine Holt
yes,0,45,12.0,0.02,200.49,yes,yes,1,24,1,6,Zachary Novak
yes,1,0,3.7,0.01,32.46,no,no,0,186,0,5,Jared Cabrera
no,0,23,1.43,0.0,0.0,yes,no,0,12,1,6,Steven Knight
yes,0,38,3.68,0.02,59.62,yes,no,3,44,1,11,Amy Cohen
no,0,23,2.55,0.0,0.0,yes,no,2,24,1,0,Jacob Richards
no,4,37,3.5,0.0,0.0,yes,no,2,15,1,9,Amanda Robinson
yes,0,28,2.3,0.16,315.2,yes,no,1,13,0,4,Mrs. Angela Wilkins
yes,0,26,3.19,0.1,258.29,no,no,0,10,1,11,Stephanie Brown
yes,0,26,2.35,0.0,0.0,no,no,0,36,1,11,Anthony Gardner
no,4,25,1.97,0.0,0.0,no,no,0,7,1,6,Allen Hill
yes,0,41,3.6,0.15,457.49,yes,no,3,68,1,10,Lee King
no,1,38,3.2,0.0,0.0,no,no,2,14,1,6,Matthew Gutierrez
yes,0,34,2.0,0.0,4.58,yes,no,2,38,1,6,Joseph Lutz
yes,0,31,2.85,0.31,745.04,yes,no,2,30,1,11,Nathan Palmer
yes,0,24,3.1,0.07,180.18,yes,no,1,12,1,23,Brian Reed
yes,0,25,1.5,0.09,111.84,yes,no,1,14,1,19,Mrs. Nancy Butler DVM
yes,0,57,4.8,0.15,613.64,yes,no,0,138,1,4,Cody Clark
yes,0,23,2.6,0.15,333.61,no,no,0,6,1,0,Bradley Sanchez
yes,0,23,2.85,0.09,207.71,yes,no,1,50,0,8,Jonathan Jones
yes,0,28,3.35,0.07,199.37,yes,no,0,18,1,2,Jimmy Mills
yes,0,32,1.81,0.05,81.44,yes,no,0,9,1,22,Stacy Gibson
yes,0,34,3.6,0.04,116.32,yes,yes,4,48,1,8,Michael Mccall
no,0,31,1.52,0.0,0.0,no,no,2,20,1,0,Donald Olson
yes,0,24,2.4,0.27,530.18,no,no,1,24,1,13,Nicholas Monroe
no,0,38,3.0,0.0,0.0,no,no,0,36,0,2,Jordan Banks
no,7,36,3.5,0.0,0.0,yes,no,2,60,1,7,Dylan Wall
yes,0,29,3.0,0.05,116.45,yes,no,1,12,1,8,Kimberly Day
yes,0,34,2.34,0.18,357.59,yes,no,0,108,0,11,Thomas Castillo
yes,0,25,2.1,0.12,214.86,no,no,0,26,1,17,Scott Bell
yes,0,22,1.6,0.15,200.59,yes,no,0,27,1,3,Shelby Johnson
yes,0,26,2.22,0.03,56.46,no,no,0,10,1,2,Donald Gamble
yes,0,32,3.65,0.01,17.67,yes,no,2,20,1,17,Michael Rosario
no,6,39,3.2,0.0,0.0,no,no,0,88,1,7,Cory Brown
no,0,30,2.6,0.0,0.0,no,no,0,5,0,0,Juan Scott
yes,1,60,6.1,0.09,479.44,yes,no,1,244,1,14,Shaun Silva
no,2,36,3.0,0.0,0.0,no,no,0,74,1,16,Beth Knight
yes,0,36,4.5,0.08,308.92,yes,no,0,60,1,16,Ashley Cooper
yes,0,28,2.18,0.08,144.64,yes,no,0,5,1,14,James Fernandez
no,0,66,3.25,0.0,0.0,yes,no,3,300,1,13,Robert Sims
yes,0,35,2.2,0.13,244.65,yes,no,1,13,1,9,Carrie Banks
yes,0,74,2.81,0.02,38.83,yes,no,0,511,1,10,Russell Clark
yes,0,28,2.43,0.23,462.66,yes,no,2,29,1,17,Steven Santos
yes,0,55,6.7,0.04,214.93,yes,no,1,300,1,13,Emily Andrews
no,1,38,4.0,0.0,0.0,yes,yes,3,40,1,7,Matthew Bell
no,0,37,5.16,0.0,0.0,yes,yes,0,86,1,1,Steven Smith
yes,0,39,5.1,0.06,244.42,yes,no,3,132,1,15,Michael Jones
yes,0,44,4.2,0.04,135.18,yes,no,2,150,0,2,Bradley Strickland
yes,0,30,5.6,0.04,185.74,yes,no,0,1,0,8,Joseph Matthews
yes,0,23,1.86,0.27,413.6,no,no,0,3,1,4,Rachel Brown
no,0,27,1.64,0.0,0.0,no,no,0,104,1,0,Jeremy Payne
yes,0,51,6.8,0.0,14.67,no,no,0,38,0,5,Emily Hernandez
yes,0,22,1.85,0.01,16.91,no,no,0,48,1,4,Morgan Chaney
no,0,22,1.8,0.0,0.0,no,no,2,4,1,0,Sabrina Smith
no,1,36,3.0,0.0,0.0,yes,no,1,12,1,16,Mary Hopkins
yes,0,36,2.2,0.01,20.33,yes,no,0,77,1,0,Kimberly Rivera
no,1,22,1.8,0.0,0.0,no,no,0,6,1,2,Jacqueline Wade
yes,0,32,2.6,0.0,5.58,no,no,0,84,1,21,Mr. Alan Haynes
no,0,27,2.0,0.0,0.0,no,no,0,24,1,4,David Maxwell
yes,0,38,5.0,0.06,238.36,yes,no,3,9,1,0,David Lewis
yes,0,28,4.22,0.09,300.99,yes,no,1,22,1,3,Jose Sutton
yes,0,38,4.02,0.16,552.34,no,no,3,102,0,3,Brian Boyd
yes,0,26,3.0,0.05,113.59,no,no,0,28,1,8,Robert Gallagher
yes,0,22,3.15,0.04,99.92,no,no,0,14,0,3,Jeffrey Campbell
yes,0,23,2.8,0.06,147.33,no,no,0,64,1,8,Christopher Evans
yes,0,29,2.86,0.2,480.32,no,no,0,47,1,1,Carl Hill
yes,0,23,2.04,0.18,304.9,no,no,0,12,1,9,James Vazquez
yes,0,33,3.5,0.02,63.46,yes,no,0,12,1,8,Andrea Bailey
yes,0,64,7.12,0.03,149.7,yes,no,1,241,1,8,Jamie Jackson
no,0,23,2.5,0.0,0.0,no,no,0,36,0,0,Jerome Jones
yes,0,23,3.3,0.06,166.06,no,no,0,2,1,5,Kathleen Krause
yes,0,36,2.2,0.08,148.19,no,no,1,8,1,4,Joshua Daniels
yes,1,38,3.2,0.05,121.22,yes,no,1,84,0,12,Alexis Thomas
yes,0,22,4.0,0.05,160.03,yes,no,0,27,1,4,Joseph Gonzalez
yes,0,38,5.57,0.04,201.48,no,no,3,30,1,7,David Jacobs MD
yes,0,36,7.0,0.01,59.12,yes,no,3,18,1,5,Diane Bailey
no,1,26,2.3,0.0,0.0,no,no,0,66,1,3,Sara Hampton
yes,0,21,5.5,0.08,356.88,no,no,0,50,1,0,Larry Rodriguez
yes,1,41,2.5,0.08,159.2,no,yes,2,131,0,3,Robert Marks
no,1,40,2.5,0.0,0.0,yes,no,1,96,1,8,Leslie Olson
yes,0,25,8.0,0.02,112.88,yes,no,2,18,1,0,Brent Thomas
yes,0,23,1.83,0.07,108.98,no,no,1,12,0,10,Shaun Johnson
yes,0,27,2.9,0.04,91.69,no,no,0,9,0,3,Philip Davis
no,3,38,4.7,0.0,0.0,yes,no,3,36,1,8,Joseph Johnston
no,2,23,1.72,0.0,0.0,no,no,0,204,0,5,Michael Brennan
no,0,37,1.55,0.0,0.0,no,no,1,36,1,0,Deborah Morales
yes,0,41,3.82,0.15,462.02,no,no,2,36,1,2,John Austin
yes,0,52,2.4,0.07,138.57,no,yes,1,96,1,2,Nicole Roberts
yes,0,31,2.4,0.19,373.42,no,no,1,54,0,1,Kenneth Wood
yes,0,36,3.0,0.12,304.62,no,no,1,180,1,5,Shannon Harrison
yes,0,21,1.6,0.29,385.78,no,no,0,192,1,3,William Gaines
yes,0,42,2.68,0.14,319.43,no,no,1,84,1,0,Ralph Leon
yes,0,32,6.3,0.09,465.94,no,yes,4,60,1,7,Carl Valdez
yes,0,24,1.6,0.05,59.79,no,no,0,43,1,2,Michael Green
yes,0,32,2.6,0.08,170.46,no,no,1,76,0,3,Matthew Wood
yes,0,28,2.1,0.14,242.2,no,no,2,24,1,7,Dustin Howell
no,1,28,1.93,0.0,0.0,no,no,2,74,1,4,David Smith
yes,0,23,2.5,0.23,478.71,yes,no,0,12,1,4,Mr. William Castro
no,1,44,1.8,0.0,0.0,no,yes,0,60,1,2,Natasha Roy
yes,0,31,3.56,0.03,98.34,no,no,0,72,1,9,Todd Woods
yes,0,24,3.4,0.11,301.02,no,no,0,17,1,7,Scott Burke II
yes,0,28,2.55,0.24,509.05,no,no,1,90,1,3,Nathan Tyler
yes,0,47,4.92,0.04,183.9,yes,yes,1,288,1,14,Johnny Jones
yes,0,26,3.9,0.01,46.52,no,no,0,30,1,13,Tammy Jensen
yes,0,37,5.2,0.06,256.19,no,no,0,12,0,0,Daniel Anderson
yes,0,54,9.0,0.06,470.97,yes,no,3,147,1,6,Mr. Ian Villarreal
yes,0,35,6.0,0.46,2291.17,no,no,2,10,1,0,Robert Carlson
yes,0,35,7.5,0.02,128.43,yes,no,4,19,1,12,Jacob Avila
yes,0,44,9.0,0.26,1949.86,no,no,2,4,1,7,Devin Hanna MD
yes,0,20,2.1,0.15,269.15,no,no,1,27,0,6,Dale Fowler
yes,0,23,3.0,0.02,41.48,no,no,3,18,1,3,Johnny Lawrence
yes,0,27,2.6,0.04,79.36,no,no,0,168,1,5,William Herrera
yes,0,54,5.48,0.13,612.86,yes,no,1,146,1,4,Anna Evans
yes,0,40,8.2,0.03,192.45,yes,no,3,172,1,15,Jose Santana
yes,1,32,2.5,0.16,327.74,no,no,0,147,1,3,Patrick Lee
yes,0,28,3.0,0.07,177.62,yes,no,0,20,1,0,Andrew Harris
yes,0,35,6.5,0.07,365.91,yes,no,0,6,1,0,Patricia Fritz
yes,1,56,7.57,0.01,41.33,yes,yes,2,39,1,18,Christopher Parker
yes,1,28,2.0,0.05,86.15,no,no,1,61,1,2,Courtney Clark
no,3,31,3.25,0.0,0.0,no,no,1,72,1,7,Tanner Wilson
no,2,24,3.0,0.0,0.0,no,no,0,24,1,4,Miguel Hardin
yes,0,40,7.0,0.06,376.76,no,no,3,6,1,2,Brandon Torres
no,7,33,7.5,0.0,0.0,no,no,0,24,1,8,Gabriel Flowers
yes,0,38,3.8,0.06,189.18,yes,no,0,23,1,6,Nancy Cooley
yes,0,25,3.7,0.08,260.12,yes,no,0,236,1,6,John Norman
yes,0,33,3.4,0.14,406.98,yes,no,1,36,1,7,Derek Morris
no,1,27,2.85,0.0,0.0,no,no,0,60,0,7,James Keller
yes,0,28,2.6,0.05,118.72,no,no,0,33,1,4,Brent Gibson
yes,0,22,1.57,0.07,91.73,no,no,0,18,1,1,Kimberly Gallagher
yes,0,24,1.8,0.13,200.24,yes,no,0,151,1,5,Joel Ray
yes,0,39,3.1,0.17,438.37,yes,no,2,18,1,3,Alan Peterson
no,0,25,1.5,0.0,0.0,no,yes,4,48,0,1,Ann Simmons
yes,1,19,2.19,0.34,621.66,no,no,0,59,1,2,Juan Khan
yes,0,31,5.5,0.07,324.7,yes,no,3,6,1,7,Michael Cannon
yes,0,31,4.4,0.04,148.06,yes,no,2,72,1,8,Mary Berger
yes,0,33,3.0,0.38,940.39,yes,no,2,97,1,4,Joshua Wilkins
yes,1,26,2.95,0.13,325.85,no,no,0,24,1,5,Nicholas Hall
yes,0,26,1.6,0.02,30.55,yes,no,0,24,1,5,Raymond Jefferson
yes,0,22,2.0,0.12,192.82,no,no,0,8,1,8,Brittney Wilson
yes,0,25,2.85,0.14,324.03,no,yes,1,42,1,3,Eric Smith
yes,0,26,2.2,0.05,91.99,no,no,0,42,1,8,Ryan Hamilton
yes,0,29,3.65,0.09,267.35,no,no,0,24,1,17,Steven Williams
no,9,35,1.7,0.0,0.0,no,no,0,90,1,10,Donald Kennedy
yes,0,57,1.65,0.01,12.25,no,no,0,24,1,3,Tracy Barber
yes,0,52,2.66,0.04,98.58,yes,no,3,228,1,0,Adam Hurst
yes,0,41,2.75,0.02,43.21,yes,no,1,136,0,9,Michael Owens
yes,0,39,1.56,0.05,60.07,no,no,0,25,1,3,Cynthia Mendoza
no,1,56,8.0,0.0,0.0,yes,no,0,408,1,7,Ricky Richardson
yes,0,28,2.03,0.11,187.14,yes,no,1,91,1,1,Robert Burton
yes,0,38,4.0,0.01,29.98,yes,no,0,16,1,8,Frederick Hernandez
yes,0,55,6.7,0.08,445.81,yes,no,0,35,1,0,Willie Conley
yes,0,29,2.5,0.18,374.05,yes,no,0,70,1,9,Sarah Newton
yes,0,19,3.0,0.0,0.0,no,no,0,49,1,3,Lori Mcguire
yes,0,25,3.2,0.05,121.06,no,no,0,4,1,6,William Santiago
yes,0,27,3.18,0.09,240.82,no,no,2,12,0,0,Jacqueline Martinez
yes,0,27,3.2,0.03,82.34,yes,no,0,23,1,9,Stanley Pratt
yes,1,26,1.73,0.09,131.52,no,no,0,8,1,10,Thomas Smith
yes,0,25,2.4,0.11,215.74,no,no,0,150,1,18,Claire Mclaughlin
no,1,32,2.25,0.0,0.0,no,no,1,42,0,13,Richard Reynolds
yes,0,43,3.95,0.16,517.21,yes,no,6,3,0,0,Heather Thomas
yes,0,34,3.0,0.01,36.2,no,no,1,30,0,2,Anna Anderson
yes,0,27,2.65,0.07,159.66,no,no,0,8,1,0,Nicole Burke
no,5,28,2.24,0.0,0.0,no,no,0,72,1,11,Mark Dawson
yes,0,39,4.7,0.06,247.3,yes,no,4,12,1,10,William Foster II
yes,0,40,3.48,0.01,21.72,no,no,0,28,1,22,William Flynn
yes,0,23,2.55,0.01,16.25,no,no,1,6,1,0,Carla Gallagher
yes,1,43,2.77,0.04,100.34,yes,no,0,44,1,14,Christine Hughes
yes,0,47,3.11,0.03,64.76,no,no,0,7,1,16,Leroy Jimenez
yes,0,18,1.97,0.06,103.92,no,no,0,64,0,1,Russell Schneider
yes,1,21,1.8,0.19,288.8,no,no,0,192,1,8,David Suarez
no,1,54,9.4,0.0,0.0,yes,no,1,94,0,2,Robert Parker
yes,0,35,5.5,0.01,58.61,no,no,0,36,1,2,Mathew Barron
no,0,24,1.5,0.0,0.0,no,no,0,18,1,0,Jeremy Gutierrez
yes,0,24,2.7,0.17,387.17,no,no,1,18,1,4,Dennis Gonzalez
yes,0,23,2.35,0.07,136.04,no,no,0,25,1,9,Ryan Wood
yes,0,39,4.6,0.03,105.32,no,no,2,4,1,1,Pamela Turner
yes,0,31,11.0,0.01,97.42,no,no,0,12,1,0,Melanie Edwards
yes,0,62,2.65,0.1,229.49,no,no,0,100,1,1,Robert Gallegos
yes,1,36,7.35,0.07,436.28,no,no,0,51,0,14,Elizabeth Wallace
yes,0,23,3.2,0.02,45.12,no,no,0,14,1,0,Michael Mccoy
yes,0,28,6.2,0.07,355.97,yes,no,0,18,1,9,Amy Garcia
yes,1,38,3.27,0.24,650.44,no,no,2,7,1,3,Joshua Gardner
yes,2,49,3.7,0.14,442.45,no,no,4,216,1,11,Anthony Reynolds
yes,0,50,1.75,0.21,310.84,no,no,0,36,1,1,Mark Jensen
no,0,23,2.42,0.0,0.0,no,yes,2,132,1,1,Jermaine Barrett
no,1,29,2.7,0.0,0.0,no,no,1,347,0,1,Vincent Grant
yes,0,45,3.7,0.14,426.83,no,no,0,24,1,2,Matthew Smith
yes,0,31,3.2,0.01,36.25,no,no,1,12,1,1,Anthony Mccormick
yes,0,31,3.1,0.13,337.06,no,no,1,52,1,3,Victoria Hernandez
no,0,37,9.0,0.0,0.0,no,no,0,132,1,0,Fernando Simon
yes,3,27,5.5,0.22,1010.5,no,yes,0,72,1,11,Robert Roberts
no,0,36,4.1,0.0,0.0,yes,no,2,30,1,0,Jermaine Herring
yes,0,38,3.0,0.23,568.24,yes,no,0,46,1,2,Nancy Ryan
yes,0,25,2.8,0.2,461.92,no,no,0,66,1,3,Jenny Bender
yes,0,41,5.1,0.03,140.01,no,no,1,63,1,4,Jennifer Cooper
yes,0,34,7.0,0.04,206.38,no,yes,6,63,1,3,Roger Summers
yes,0,24,2.3,0.37,719.51,no,no,0,76,1,2,James Mcpherson
yes,0,32,2.3,0.2,383.31,no,no,1,63,1,6,Lee Andrews
no,1,24,1.9,0.0,0.0,no,no,1,14,0,4,Eduardo Willis
yes,0,23,2.3,0.14,265.65,no,no,0,6,1,3,Jeffrey Charles
no,1,22,1.5,0.0,0.0,no,no,3,14,1,4,George Young
yes,0,26,2.38,0.14,282.73,no,yes,1,114,1,1,Alexander Williams
yes,0,30,2.8,0.16,383.57,no,no,0,12,1,6,Kathleen Rangel
yes,0,27,2.52,0.24,494.89,no,no,1,100,1,3,Jacob Williams
yes,0,27,2.2,0.01,12.65,no,no,0,60,0,2,Calvin Tucker
yes,0,32,3.2,0.12,317.46,no,no,0,30,1,1,Michael Morrison
yes,0,32,3.7,0.0,9.74,no,no,0,86,1,8,Fred Moore
yes,0,46,1.8,0.03,49.42,no,no,1,168,1,2,James Baker
no,2,47,2.35,0.0,0.0,no,no,0,159,1,4,John Barber
yes,0,22,1.82,0.54,821.82,no,no,0,93,1,2,Andrea Huber
yes,0,42,5.5,0.07,323.95,no,no,0,98,1,4,Oscar Watts
no,12,30,2.6,0.0,0.0,no,no,0,228,1,14,Isaiah Coffey
yes,0,21,2.15,0.27,476.32,no,no,0,30,1,0,Katie Drake
yes,0,36,3.8,0.04,112.99,yes,no,3,77,1,4,Paul Alvarado
yes,0,37,2.0,0.03,44.46,no,no,1,38,0,3,Jennifer Smith
yes,2,26,2.45,0.12,248.51,no,no,0,5,1,15,Tyler Calhoun
yes,1,46,3.5,0.11,319.79,yes,no,1,121,0,5,Todd Tyler
yes,0,25,2.8,0.33,758.94,no,no,0,2,1,7,Keith Vincent
yes,1,30,1.99,0.25,412.99,no,no,0,82,1,8,Amy Osborn
no,0,27,2.0,0.0,0.0,no,no,0,48,1,0,Autumn Howard
yes,0,21,2.1,0.08,131.99,yes,no,0,194,1,5,Allen Livingston
yes,0,20,2.79,0.02,52.49,no,no,0,86,1,5,Suzanne Young
yes,0,23,2.32,0.12,225.27,no,no,0,3,1,8,Shawn Rodriguez
yes,0,45,4.6,0.08,298.02,no,no,2,72,1,5,James Craig DDS
no,1,26,2.0,0.0,0.0,yes,no,2,60,1,7,Leonard Graham
yes,0,29,3.0,0.07,173.47,no,no,1,60,1,1,Olivia Gonzalez
yes,0,52,3.33,0.03,79.68,yes,no,1,243,1,3,Christopher Warren
yes,0,41,2.48,0.07,138.55,no,no,2,222,0,10,William Myers
yes,0,22,4.3,0.16,565.33,no,no,0,12,1,11,Roger Martin
no,0,33,1.77,0.0,0.0,no,no,0,102,1,1,David Richardson
yes,1,29,2.45,0.11,220.89,no,no,2,84,1,13,Ashley Foster
yes,0,20,1.85,0.34,527.94,yes,no,0,96,1,2,Paul Moore
yes,0,26,2.23,0.06,104.78,no,no,0,12,1,1,Samuel Cook
no,0,22,2.5,0.0,0.0,no,no,3,30,0,0,Eric Howell
yes,3,32,3.51,0.16,466.35,no,no,0,22,1,9,Mary Shaw
yes,0,27,3.29,0.03,88.82,no,no,1,54,1,12,Shawn Snyder
yes,0,28,4.23,0.12,437.13,no,yes,0,30,1,5,Yvette Krause
no,1,36,1.85,0.0,0.0,no,no,2,192,1,2,Jeremy Pratt
yes,0,26,2.2,0.06,114.25,no,no,1,28,1,10,Matthew Mcpherson
no,0,41,3.5,0.0,0.0,no,no,0,54,1,0,Phillip Bryant
yes,0,23,3.0,0.12,293.04,no,no,0,14,1,0,Joel Johnson
yes,0,25,1.8,0.46,683.99,yes,no,0,98,1,2,Robert Rich Jr.
yes,0,25,1.7,0.08,113.1,no,no,1,27,1,8,Mario Diaz
yes,0,29,5.5,0.06,288.36,no,no,2,18,1,3,Christopher Lambert
yes,0,40,2.57,0.05,111.68,no,no,0,54,1,3,Sarah Adams
no,2,59,3.5,0.0,0.0,no,no,0,365,0,5,Meghan Jackson
yes,0,37,2.5,0.07,151.34,no,no,0,15,1,2,Brian Perez
yes,0,30,3.3,0.0,4.58,no,no,1,90,1,4,Brandon Rojas
yes,0,29,2.25,0.11,199.8,no,no,0,36,1,0,Mr. David Jones
yes,1,32,10.0,0.04,308.25,yes,no,3,35,1,4,Tim Mills
yes,0,25,2.9,0.08,193.29,no,no,0,2,1,0,Joseph Stein
no,2,36,2.95,0.0,0.0,no,no,1,72,1,3,Michael Edwards
no,0,25,1.6,0.0,0.0,no,no,0,93,1,0,Kimberly Vazquez
yes,0,28,3.4,0.02,59.85,no,no,0,207,1,4,Gary Williams
no,4,22,2.1,0.0,0.0,yes,no,0,209,1,10,Joseph Randall
yes,0,27,3.2,0.12,313.43,no,no,0,24,1,2,Matthew Black
no,0,29,3.5,0.0,0.0,no,no,6,0,1,2,Edwin Lloyd
yes,0,31,2.47,0.09,195.02,no,no,3,94,1,2,Mark Chavez
yes,0,27,2.6,0.08,162.45,no,no,2,60,1,6,Stephen Vance
no,2,39,4.02,0.0,0.0,no,no,1,84,1,4,Katherine West
yes,0,22,2.1,0.18,314.49,no,no,0,12,0,4,Michael Herrera
yes,0,30,1.95,0.18,292.95,no,no,0,50,1,10,Jennifer Jarvis
no,0,34,3.6,0.0,0.0,no,no,4,14,1,0,Nicole Mendoza
no,2,42,3.7,0.0,0.0,no,no,4,84,0,3,Paul Davis
yes,0,31,3.0,0.21,533.63,no,no,0,7,1,1,Kevin Rhodes
yes,0,32,4.5,0.09,343.65,no,no,0,48,1,4,James Taylor
no,11,24,2.3,0.0,0.0,no,no,0,24,1,12,Mr. Steven Carson
yes,0,45,3.5,0.14,397.03,yes,no,0,234,0,2,James Wilson
yes,0,25,2.1,0.04,71.67,yes,no,0,44,1,5,Lawrence Green
yes,0,40,5.0,0.12,503.55,no,no,0,38,1,19,Steven Barr
yes,0,40,2.45,0.07,142.51,no,no,0,180,1,0,Jordan Brown
yes,0,41,3.5,0.0,8.33,no,no,1,120,1,9,Timothy Chambers
yes,0,24,2.5,0.23,487.48,no,no,0,15,0,1,Jorge Holt
no,11,30,3.6,0.0,0.0,no,no,0,108,1,16,Cheryl Lynch
yes,0,25,2.66,0.16,352.85,yes,no,0,96,1,0,Heather Maddox
no,0,28,2.5,0.0,0.0,no,no,0,82,1,0,Manuel Moore
no,0,28,2.0,0.0,0.0,no,no,0,108,1,0,Benjamin Stone
yes,0,25,3.52,0.02,61.17,no,no,0,15,1,3,Angela Davis
yes,1,23,1.88,0.35,553.11,no,no,0,12,1,3,Amanda Coffey
yes,0,21,2.25,0.03,59.09,no,no,0,15,1,1,Dustin Cortez
yes,0,39,1.71,0.09,132.47,no,no,0,72,1,0,Elaine Phillips
yes,0,25,4.0,0.03,89.83,no,no,0,60,0,5,Juan Reed
yes,0,25,2.16,0.02,36.33,no,no,0,38,0,2,John Rubio
yes,2,40,3.3,0.04,108.98,no,no,1,58,1,14,Melissa Williams
yes,0,37,7.0,0.01,64.56,yes,no,3,96,1,5,Barry Brown
yes,0,25,2.1,0.11,192.64,no,no,0,4,1,8,Matthew Hutchinson
yes,0,41,3.0,0.05,131.77,yes,no,0,166,1,7,Christopher Williamson
yes,1,24,3.5,0.07,203.89,no,no,0,60,1,11,Emily Harrison
no,0,22,2.07,0.0,0.0,no,no,0,1,1,0,Colin Webster
yes,0,19,2.8,0.17,390.17,yes,no,0,10,0,0,Katherine Smith
yes,0,57,5.0,0.0,0.0,yes,yes,0,144,1,7,Clinton Clark
yes,0,33,2.19,0.15,270.37,no,no,0,15,1,7,Angela Curtis
no,14,48,2.0,0.0,0.0,yes,no,1,120,1,15,William Cole
yes,1,48,2.7,0.0,0.0,no,yes,0,120,1,3,Felicia Brown
yes,0,28,2.69,0.16,352.17,no,no,1,62,0,0,Miguel Lee
yes,1,40,3.73,0.06,179.77,yes,no,1,151,1,7,Melissa Jones
yes,0,32,2.0,0.09,156.09,yes,no,2,8,0,2,Ryan Reid
yes,0,44,4.3,0.02,57.92,yes,no,3,156,1,9,Daniel Mason
yes,0,38,5.5,0.04,205.51,yes,no,4,99,1,9,David Smith
yes,0,37,5.92,0.03,149.3,yes,no,2,48,1,7,Michael Tyler
yes,1,44,7.6,0.05,310.74,yes,no,6,207,1,11,Janet Ramirez
yes,0,18,2.82,0.04,97.94,no,no,0,2,0,1,Heather Harris
yes,0,24,2.2,0.07,127.12,yes,no,0,229,0,1,Charles Ramirez
yes,0,47,2.66,0.1,220.79,yes,no,0,269,1,8,Randy Marshall
no,3,31,7.5,0.0,0.0,no,no,0,30,1,7,Tanner Kelley
yes,0,33,4.0,0.26,854.78,yes,no,2,42,1,4,Megan Cox
yes,0,31,6.5,0.11,602.92,yes,no,2,12,1,6,Joshua Wood
yes,0,38,5.6,0.09,436.26,yes,no,4,114,0,7,Jesse Cordova
no,0,19,2.1,0.0,0.0,no,no,0,124,1,2,Brittany Johnson
yes,0,35,4.5,0.02,67.1,yes,no,1,14,1,0,Thomas Thompson
yes,0,29,2.51,0.05,94.27,no,no,1,12,0,0,Robert Espinoza
yes,2,46,10.03,0.01,84.39,yes,no,2,134,1,15,Ernest Salinas
yes,0,19,3.5,0.06,175.44,no,no,1,24,1,3,Ronald Scott
yes,0,22,3.5,0.05,132.13,no,yes,0,8,1,3,Jennifer Martinez
yes,0,24,3.9,0.09,305.84,no,no,2,27,1,0,Vincent Hampton
yes,0,18,2.5,0.21,440.69,no,no,0,4,0,1,Jeffrey Taylor
yes,0,49,5.2,0.15,634.86,yes,no,1,303,1,11,Michael Gonzalez
no,0,47,1.5,0.0,0.0,yes,no,0,60,1,0,Francisco Fox
yes,0,49,10.0,0.01,92.44,yes,no,4,218,0,12,Crystal Garcia
yes,0,57,4.1,0.08,286.57,yes,no,3,121,1,15,Amanda Wells
yes,0,24,2.2,0.07,121.03,no,no,0,22,1,6,Kiara Peterson
yes,0,26,4.38,0.04,136.12,yes,no,5,24,1,6,Matthew Lawson DDS
no,5,38,2.49,0.0,0.0,no,no,2,24,1,10,Jorge Scott
yes,1,29,6.6,0.09,510.09,yes,no,0,24,1,14,Zachary Williams
yes,1,30,2.74,0.02,42.31,yes,no,3,76,1,8,Benjamin Bautista
yes,1,58,2.7,0.0,6.42,yes,no,0,252,1,8,Jose Burton
yes,0,38,3.26,0.0,7.08,no,no,4,18,1,0,Dakota Russo
yes,0,45,5.8,0.03,159.73,yes,no,0,118,1,6,Dr. Eric Powell
yes,0,25,2.5,0.06,124.5,no,no,0,6,0,0,Katrina Moss
yes,0,30,3.5,0.35,1028.96,yes,no,0,6,0,2,William Torres
no,0,80,1.5,0.0,0.0,no,no,0,24,1,0,Cassidy Bradley
no,0,25,1.75,0.0,0.0,no,no,0,108,0,0,Noah Terry
no,5,40,4.4,0.0,0.0,yes,no,1,84,1,15,Gregory Mathews
yes,0,42,4.7,0.02,71.96,yes,yes,3,150,1,2,Jennifer Williams
yes,0,49,3.3,0.04,111.62,yes,no,0,252,1,0,William Moore
yes,0,44,5.8,0.08,386.05,yes,no,4,25,1,16,Gabriella Green
no,1,43,5.32,0.0,0.0,yes,no,5,110,1,7,Chris Sanchez
yes,0,25,2.4,0.03,62.51,no,no,0,192,1,9,Carrie Thompson
yes,0,43,3.25,0.06,159.36,yes,no,2,109,1,6,Christopher Farrell
yes,0,24,3.06,0.17,434.88,no,no,0,3,1,0,Brandon Castillo
yes,0,39,3.0,0.02,40.33,yes,no,3,14,1,9,David Howard
yes,0,25,2.2,0.02,38.71,yes,no,1,26,1,7,Mary Peterson
yes,0,43,3.0,0.02,57.31,yes,no,1,3,1,5,Daniel Richard
yes,0,46,4.2,0.01,30.45,yes,no,1,216,1,27,Christopher Patel
yes,0,34,2.37,0.05,106.72,yes,no,0,38,1,13,Christian Johnson
yes,1,38,2.52,0.09,181.41,yes,no,0,138,1,8,Sarah Dixon
yes,1,37,5.49,0.16,732.98,yes,no,1,60,1,19,James Gonzalez
yes,0,19,2.98,0.0,0.0,no,no,0,18,1,0,Willie Webb
no,0,27,3.6,0.0,0.0,no,no,0,18,1,2,Amanda Sullivan
yes,0,39,2.25,0.05,95.53,yes,no,0,240,1,7,Aaron Meyer
yes,0,45,3.22,0.33,896.94,yes,no,5,168,0,9,Andre Maldonado
yes,0,52,5.0,0.02,85.24,yes,no,1,201,0,16,Steven Brooks
no,3,34,2.67,0.0,0.0,no,no,0,51,1,25,Megan Woodward
yes,0,30,3.75,0.1,298.48,yes,no,1,12,1,9,Lee Hudson
yes,0,61,3.75,0.0,0.0,yes,no,0,288,1,5,James Wiggins
yes,0,32,3.7,0.0,11.71,yes,no,2,30,1,15,Chris Mullins
yes,0,38,3.3,0.02,65.82,yes,no,3,188,1,19,Michael Anderson
yes,0,37,7.0,0.15,898.43,yes,no,3,24,1,8,Ray Gill
yes,2,33,3.37,0.18,494.49,no,no,1,66,1,15,Justin Odonnell
no,0,30,3.12,0.0,0.0,no,no,2,12,0,5,Rodney Reyes
yes,0,42,2.59,0.03,67.54,yes,yes,3,96,1,5,Michael Harris
yes,2,29,2.1,0.07,126.1,yes,no,3,90,0,5,Scott Peck
yes,0,52,3.0,0.04,98.68,yes,no,1,220,1,8,Austin Sullivan
yes,0,29,3.0,0.11,264.97,yes,no,1,51,0,11,Richard Patel
yes,0,45,4.4,0.0,17.08,yes,no,3,12,1,18,Gary Johnson
yes,0,30,3.1,0.18,469.25,yes,no,2,40,1,15,Jonathan Mendoza
yes,0,30,2.98,0.04,108.3,no,no,3,36,1,9,Richard Clark
yes,0,22,2.8,0.25,590.95,yes,no,1,6,1,7,Wendy Morales
no,0,37,1.83,0.0,0.0,no,no,2,52,1,0,Mike Russo
yes,0,22,3.29,0.02,48.08,no,no,2,21,1,5,Jeffrey Gallegos
yes,0,29,2.7,0.0,0.0,no,no,0,24,1,20,Jonathan Peters
yes,0,28,3.9,0.04,141.69,yes,no,1,49,1,17,Jeremy Tucker DDS
no,5,27,1.8,0.0,0.0,no,no,2,34,1,7,Walter Freeman
yes,0,31,3.2,0.04,109.61,no,no,2,17,1,0,Ian Clark
yes,0,32,3.65,0.54,1637.53,yes,no,1,32,1,7,Jeffery Howard
yes,0,30,3.5,0.04,114.56,no,no,5,57,1,9,Johnny Schneider
yes,0,40,4.77,0.0,11.67,yes,no,0,144,1,10,Lori Nelson
yes,0,39,4.2,0.01,22.36,yes,no,0,24,1,5,Jose Meyer
no,10,43,5.0,0.0,0.0,yes,yes,4,144,1,11,Richard Keith
yes,0,24,2.0,0.05,91.41,yes,yes,1,24,0,10,Jonathan Nixon DDS
yes,0,26,2.6,0.11,239.49,yes,no,0,12,1,13,Andre Sanders
yes,0,61,5.0,0.05,190.43,yes,no,2,6,0,0,Jon Travis
yes,0,44,4.0,0.02,66.73,yes,yes,2,120,1,12,Vincent Taylor
yes,0,61,5.37,0.05,221.89,yes,yes,0,12,1,0,Heidi King
yes,0,40,2.72,0.2,446.42,no,no,2,36,1,14,Joshua Downs
yes,0,20,1.8,0.55,830.28,no,no,0,5,0,0,Tyler Stevens
yes,0,45,4.0,0.03,113.63,yes,no,2,24,0,16,George Graves
yes,0,26,2.1,0.0,0.0,no,no,2,30,1,18,Brandon Bush
no,0,33,2.55,0.0,0.0,no,no,3,36,1,0,Charles Howard
yes,0,30,2.5,0.06,127.37,yes,no,1,24,1,23,Matthew Hernandez
yes,0,23,2.0,0.1,166.9,no,no,0,9,1,0,Larry Wagner
yes,0,34,3.0,0.13,315.94,no,no,6,12,0,16,Christopher Myers
yes,0,38,2.6,0.08,171.86,yes,no,0,51,1,9,Jesus Lee
yes,1,35,2.4,0.02,46.61,no,yes,1,37,1,13,Courtney Dominguez PhD
yes,0,36,4.0,0.09,306.47,yes,no,0,12,1,11,Scott Schmidt
yes,0,42,6.2,0.01,31.0,yes,no,2,132,1,14,Joseph Cuevas
yes,0,22,2.2,0.08,140.3,no,no,0,9,1,3,Dennis Good
no,1,28,2.0,0.0,0.0,no,no,3,0,1,2,Barbara Lewis
yes,1,44,5.8,0.04,175.64,yes,no,2,148,1,16,Kayla Sweeney
yes,0,30,1.8,0.02,29.52,no,no,0,6,1,10,Seth Lloyd
yes,0,27,3.26,0.02,67.2,no,no,0,16,1,5,Luis Fisher
yes,0,24,2.1,0.08,146.27,yes,no,0,24,1,14,Ashley Hale
yes,0,23,2.75,0.0,4.58,no,no,0,7,1,9,Michael Welch
yes,1,55,3.7,0.05,160.45,yes,no,1,300,1,4,Christopher Morris
yes,0,35,4.82,0.04,171.51,yes,no,2,48,1,18,Victoria Munoz
yes,0,46,3.05,0.0,8.12,yes,no,0,96,0,4,Maria Lopez
yes,0,39,2.4,0.19,384.17,no,no,1,96,1,7,Crystal Hill
yes,0,34,5.0,0.43,1774.36,yes,no,3,36,1,7,Travis Peters
yes,0,19,2.6,0.13,285.26,no,no,0,87,1,2,Jennifer Miller
yes,0,27,4.0,0.01,49.25,yes,yes,3,40,1,13,Antonio Ramos
yes,0,46,6.8,0.01,40.2,yes,yes,0,48,1,2,Kelly Galvan
yes,0,47,1.94,0.02,26.5,no,no,0,10,0,13,Nicholas Sanchez
yes,0,25,2.45,0.09,183.56,no,no,0,48,1,6,Rebecca Cunningham
yes,0,51,4.53,0.01,45.35,yes,no,4,126,0,5,Angela Bauer
yes,0,41,6.82,0.12,664.6,no,no,2,12,1,0,Anthony Roberts
yes,1,36,3.85,0.01,37.02,no,no,1,36,1,8,Ryan Oneal
yes,0,32,2.75,0.38,862.96,yes,no,2,27,1,9,David Jones
no,3,41,3.5,0.0,0.0,yes,no,2,38,1,19,Howard Jackson
no,3,32,3.0,0.0,0.0,yes,no,3,32,1,7,Logan Snyder
yes,0,21,2.3,0.07,143.43,yes,no,2,24,1,10,Jessica Mendoza
yes,0,29,1.8,0.08,124.63,no,no,0,51,1,3,Lindsay Jordan
yes,0,21,2.2,0.32,577.98,no,no,0,143,1,6,Gerald Reed
yes,0,34,4.8,0.07,266.34,yes,no,3,15,1,0,Erin Hurst
yes,0,27,2.04,0.02,30.05,yes,no,2,38,1,4,Adrian Anderson
yes,1,36,1.68,0.14,193.32,yes,no,0,44,1,12,Dr. Eric Anderson
yes,0,24,2.78,0.05,121.63,no,no,0,3,1,0,Joseph Rodriguez
yes,0,63,6.0,0.0,8.33,no,no,0,50,1,14,Kimberly Miller
yes,0,25,3.5,0.05,158.6,no,no,0,34,0,2,Teresa Garrett
no,4,42,1.8,0.0,0.0,no,no,2,48,1,10,Elijah Byrd
yes,0,35,3.9,0.05,178.46,yes,no,2,36,1,7,Nathan Chambers
yes,0,20,2.0,0.1,167.04,no,no,0,14,1,1,Dawn Wolf
yes,2,41,7.12,0.1,569.55,yes,no,3,96,1,6,Jason Glover
no,2,24,1.85,0.0,0.0,no,no,0,14,0,3,Brett Ross
yes,0,32,1.6,0.26,351.36,no,no,0,6,1,3,Miss Danielle Willis
yes,0,34,4.85,0.05,198.02,yes,no,2,114,1,12,Amy Delacruz
yes,0,37,2.82,0.07,153.75,yes,no,0,240,1,2,Kara Graham
no,1,27,2.7,0.0,0.0,no,no,1,169,0,6,David Fitzgerald
no,0,56,1.45,0.0,0.0,yes,no,0,242,1,4,Sonya Wells
yes,0,26,1.8,0.01,9.17,yes,no,0,53,1,9,Charles Brown
no,0,33,3.7,0.0,0.0,yes,no,2,72,1,0,Sharon Bradford
yes,0,19,1.9,0.28,448.02,no,no,0,192,0,1,Luis Robinson
yes,0,35,2.62,0.22,470.3,yes,no,1,6,0,9,Christopher Preston
yes,0,25,3.75,0.13,400.07,yes,no,0,7,1,11,Derek Garza
yes,0,45,4.5,0.04,149.1,yes,no,2,132,1,9,Daniel Fischer
no,4,38,3.7,0.0,0.0,no,no,2,24,1,11,Christopher Steele
yes,1,42,3.84,0.1,332.24,yes,no,3,14,1,14,Thomas Lee
no,0,25,1.59,0.0,0.0,no,no,0,87,1,9,Lindsay Davis
no,2,25,2.07,0.0,0.0,no,no,0,20,0,7,Jamie Huynh
yes,0,31,5.1,0.17,721.06,yes,no,3,15,1,9,Timothy Robinson
no,3,40,4.01,0.0,0.0,no,no,1,12,1,17,Andrew Rodriguez
yes,0,67,4.47,0.0,7.08,no,no,1,36,1,1,Heidi Walters
yes,0,33,3.5,0.06,166.24,no,no,0,26,1,1,Danny Duran
yes,0,45,5.0,0.0,5.52,yes,no,0,144,1,14,John James
yes,1,28,2.5,0.0,5.83,no,no,1,24,1,6,Keith Delgado
yes,0,30,1.5,0.06,78.89,no,no,1,24,0,5,Kathleen English
yes,1,47,3.84,0.01,20.25,yes,no,2,233,1,16,Christina Rios
yes,1,42,3.6,0.04,113.95,yes,no,2,60,1,22,Ryan Barrera
yes,0,44,2.95,0.2,493.73,no,no,0,180,1,13,Dustin Garza
yes,0,37,2.38,0.17,332.7,yes,yes,0,168,1,13,Tammy Moore
yes,0,28,2.16,0.02,42.52,no,no,0,50,0,3,Willie Black MD
yes,0,31,2.01,0.09,151.03,no,no,1,4,1,0,Tracy Schroeder
yes,0,22,1.56,0.1,128.07,yes,no,0,6,0,7,Denise Welch
no,4,57,2.0,0.0,0.0,yes,yes,0,36,0,44,Matthew Sampson
yes,0,23,2.9,0.0,0.0,no,no,1,12,1,0,Robert Moon
yes,0,24,3.7,0.07,219.27,yes,no,1,8,1,5,Earl Russell
yes,0,37,3.84,0.01,37.71,no,no,3,10,1,0,Dennis Robinson
no,1,63,2.14,0.0,0.0,yes,no,0,240,1,7,Alex Cannon
no,0,23,2.4,0.0,0.0,no,no,0,1,1,0,Holly Miller
yes,0,24,2.4,0.18,362.64,no,no,0,16,1,0,Kelsey West
yes,0,41,2.0,0.01,8.33,yes,no,0,9,0,4,Joseph Garcia
no,0,28,1.55,0.0,0.0,no,no,3,5,0,1,Michael Olson
no,1,52,2.0,0.0,0.0,yes,no,3,54,1,7,Thomas Wilson
yes,0,28,3.1,0.22,580.97,yes,no,0,15,1,5,Alexis Owens
yes,0,28,2.5,0.01,25.29,yes,no,0,27,1,16,David Robertson Jr.
yes,0,39,5.1,0.05,210.23,yes,no,3,60,0,22,Derek Hernandez
yes,0,32,2.0,0.07,121.34,yes,no,1,24,1,2,John Cole
yes,0,33,3.6,0.03,77.81,no,no,3,16,1,9,Paul Jensen
yes,0,25,3.4,0.0,0.0,yes,no,2,29,0,4,Brenda Sherman
yes,0,42,4.2,0.03,87.31,yes,no,4,36,1,14,Christina Andersen
no,3,35,1.7,0.0,0.0,yes,no,3,135,0,25,Brett Wheeler
no,0,33,1.94,0.0,0.0,no,no,1,96,1,5,Kenneth Gilmore
yes,0,33,2.9,0.2,471.34,yes,no,2,147,1,8,Bryan Potter
yes,0,48,1.7,0.01,16.63,yes,no,0,108,1,18,David Fuentes
no,0,26,4.9,0.0,0.0,no,no,2,6,1,0,James Hall
yes,0,40,2.22,0.4,737.08,yes,no,2,10,1,14,Louis Wood
yes,0,32,6.11,0.11,544.52,yes,no,1,67,1,1,Misty Carey
no,1,20,2.62,0.0,0.0,no,yes,0,20,1,2,Charles Malone
no,2,21,1.56,0.0,0.0,yes,no,0,1,1,12,Jacob Lee
yes,0,27,2.65,0.07,160.88,yes,no,3,24,1,3,Christopher Robinson
yes,0,43,2.8,0.05,108.62,yes,no,0,147,1,1,Robert Baker
yes,0,24,1.6,0.38,500.62,yes,no,0,48,0,1,Roberto Douglas
yes,0,29,5.0,0.16,674.91,yes,no,4,3,1,0,Tommy Sanchez
yes,1,27,2.04,0.21,364.82,no,no,0,24,1,10,William Carson
yes,0,47,5.04,0.05,216.16,no,no,3,47,1,9,Adam Rivera
no,0,19,1.92,0.0,0.0,no,no,0,6,0,4,Stephen Evans
no,0,42,3.4,0.0,0.0,yes,no,3,5,1,9,Hector Beard
yes,0,42,3.2,0.11,287.76,yes,no,0,68,1,9,Christopher Oneal
yes,0,44,3.1,0.13,323.06,yes,no,0,75,1,5,Joshua Woods
yes,0,35,1.88,0.14,214.1,no,no,1,3,1,12,Aaron Howell Jr.
yes,0,21,2.4,0.08,163.84,no,no,0,105,0,1,Dustin Smith
yes,0,25,3.0,0.06,154.74,yes,no,0,40,1,16,Eric Hall
no,0,40,1.84,0.0,0.0,no,yes,2,18,1,0,Gary West
yes,0,35,2.5,0.08,164.81,yes,no,1,42,0,11,Christian Gordon
yes,0,31,5.11,0.03,126.39,yes,no,2,16,1,19,Samuel Gomez
yes,0,51,2.5,0.02,39.91,yes,no,0,138,0,3,Stephanie Russo
yes,0,34,5.4,0.07,321.21,yes,no,3,24,1,4,Paul Scott
no,2,30,2.5,0.0,0.0,no,no,0,12,1,18,Thomas Russell
yes,0,33,2.1,0.13,228.97,no,no,0,6,0,0,Jeffrey Mendez
yes,1,32,6.0,0.09,449.04,no,no,0,6,0,17,Jacob Weber
yes,0,26,1.56,0.06,79.61,no,no,2,13,1,13,Scott Garcia
yes,0,31,4.07,0.07,233.04,no,no,0,12,1,14,Robert Dixon
yes,1,20,2.7,0.12,266.19,no,no,0,147,1,22,Anthony Parsons
yes,0,23,2.04,0.12,204.09,yes,no,0,7,1,12,Robert Henry
yes,0,60,2.8,0.04,101.85,yes,no,3,232,1,7,Brian Jackson
yes,0,24,6.2,0.17,881.26,no,no,0,12,1,7,Megan Potts
yes,0,30,2.19,0.49,889.58,no,no,0,6,1,0,Fernando Little
yes,0,29,3.2,0.05,142.88,no,no,0,36,0,6,Shane Lee
yes,0,48,2.3,0.23,434.12,yes,no,0,72,0,2,Ashley Velazquez
yes,0,25,1.76,0.14,201.66,no,no,0,28,1,12,Chad Hart
no,0,69,1.8,0.0,0.0,yes,no,0,528,0,5,Randy Crawford
yes,0,53,3.96,0.0,7.08,yes,no,1,180,0,5,Julie Mclean
yes,0,54,2.5,0.01,18.25,yes,no,1,102,0,13,Katelyn Oconnor
yes,0,32,2.28,0.07,127.98,yes,no,0,48,0,15,Kristin Patterson
yes,0,33,2.5,0.08,161.16,yes,no,1,30,1,6,Jonathan Barnett
yes,0,23,2.6,0.82,1786.28,no,no,0,4,1,0,Crystal Christensen
yes,0,24,2.2,0.16,284.26,yes,no,0,36,1,6,Dawn Reed
yes,4,40,2.45,0.21,426.45,yes,no,1,41,1,12,Joseph Friedman
no,2,48,6.8,0.0,0.0,yes,yes,1,56,0,20,Dr. Rebecca Johnson
no,0,35,4.5,0.0,0.0,yes,no,6,6,0,0,James Holmes
yes,0,49,4.96,0.11,435.99,yes,no,4,168,1,7,Michelle Mathis
yes,0,34,5.0,0.01,58.08,yes,no,4,6,1,0,Thomas Dawson
yes,0,34,2.1,0.06,103.33,no,no,2,49,1,4,Beth Maxwell
yes,0,47,10.4,0.23,2001.55,yes,no,2,9,0,0,Richard Graham
no,0,19,1.56,0.0,0.0,yes,no,0,46,0,3,Mr. Robert Evans
no,9,30,2.3,0.0,0.0,no,yes,3,15,1,9,Jessica Fisher
no,0,40,4.99,0.0,0.0,yes,no,2,32,1,16,Jonathan Torres
no,6,35,5.63,0.0,0.0,yes,no,3,18,0,10,Alyssa Bradley
no,0,23,1.67,0.0,0.0,no,no,0,27,1,0,Dustin Marks
yes,0,0,1.6,0.15,205.25,no,no,0,1,1,9,Christopher Lee
yes,0,24,1.51,0.21,258.17,yes,no,0,30,1,2,Casey Andrews
yes,0,38,2.85,0.01,15.83,yes,no,1,120,1,16,Shannon Howard
yes,0,24,2.3,0.09,163.04,no,no,0,26,1,7,Robert Williams
yes,0,25,3.0,0.19,475.02,no,no,0,10,0,0,Christopher Thompson
yes,1,23,2.2,0.23,429.9,yes,no,0,228,0,9,Leonard Andrews
yes,0,49,0.21,0.27,47.24,yes,no,2,42,1,1,Kenneth Johnson
yes,0,37,2.8,0.17,396.5,no,no,0,36,1,23,Tracy Johnston
no,0,20,1.8,0.0,0.0,no,no,0,4,0,1,Anne Smith
no,2,24,2.2,0.0,0.0,no,no,0,6,1,8,Scott Norman
yes,1,28,3.0,0.03,73.17,no,no,0,51,1,5,Eric Perez
yes,0,45,2.4,0.01,23.58,yes,no,2,122,1,11,Joseph Clark
no,0,20,1.2,0.0,0.0,no,yes,1,24,1,0,Jack Hurley
yes,0,54,6.8,0.1,569.92,no,no,0,24,1,15,Ryan Smith
yes,0,24,1.5,0.02,24.07,no,no,0,28,1,5,Gary Gutierrez
yes,0,31,2.7,0.12,258.88,no,no,0,19,1,0,Christopher Kline
yes,1,43,3.5,0.13,387.22,yes,no,3,180,0,19,Amanda Harrison
no,0,31,2.1,0.0,0.0,no,no,2,60,1,2,James Simmons
yes,0,22,2.5,0.4,839.3,no,no,0,4,1,1,Paul Taylor
yes,0,28,5.47,0.03,133.07,yes,no,3,18,1,0,Matthew Wilson
no,0,27,2.35,0.0,0.0,no,no,3,6,1,0,William Torres
yes,0,22,1.65,0.05,68.55,no,no,0,36,1,3,Hannah Brown
yes,0,34,9.2,0.09,664.12,yes,no,5,81,1,7,Christopher Bennett
yes,1,54,7.29,0.11,647.21,yes,no,2,78,1,9,Brandon Burke
yes,0,32,2.72,0.18,402.72,no,no,1,6,1,8,Robert Harvey
yes,0,40,3.62,0.02,47.08,yes,no,3,124,1,19,Michael Rice Jr.
yes,0,26,5.3,0.05,242.14,yes,no,1,24,1,20,James Franco
yes,0,55,4.9,0.07,273.49,yes,no,2,96,1,17,Brian Young
yes,0,32,3.62,0.05,150.29,yes,no,3,97,1,13,James Leblanc
yes,0,38,2.14,0.06,106.2,no,no,1,66,1,14,Kirk Lee
yes,0,28,2.5,0.19,402.79,yes,no,0,18,1,7,Marc Morris
no,0,39,0.49,0.0,0.0,yes,no,2,100,1,0,Michael Burns
yes,1,55,4.3,0.04,125.48,yes,no,0,6,1,31,Tracy Johnson
yes,0,42,6.3,0.04,213.0,yes,no,4,72,1,20,Grant Curtis
yes,0,21,2.4,0.1,201.58,no,no,0,2,1,5,Chad Reyes MD
yes,0,33,2.8,0.03,70.28,yes,no,1,72,1,20,Paul Williams
yes,0,37,5.0,0.05,188.73,yes,no,4,36,1,25,Erin Howell
yes,0,28,2.8,0.01,32.67,no,no,0,27,1,19,Jimmy Todd
yes,0,31,2.8,0.09,202.47,yes,no,3,15,1,17,Christopher Archer
yes,0,30,2.65,0.03,69.43,no,no,3,36,1,9,Jennifer Green
no,0,25,1.6,0.0,0.0,no,no,0,12,1,0,Jessica Clark
no,4,46,2.1,0.0,0.0,no,no,0,25,0,3,Michael Diaz
no,0,36,2.41,0.0,0.0,no,no,4,14,1,0,Paul King
no,1,52,3.1,0.0,0.0,yes,no,2,75,1,9,Angela Nguyen
yes,0,34,2.62,0.04,84.73,no,no,2,3,1,12,Timothy Parker
no,0,53,11.0,0.0,0.0,yes,yes,0,429,1,0,Charles Bailey
yes,0,22,1.8,0.05,80.06,no,no,0,48,0,1,Robert Hebert
yes,0,30,2.5,0.02,43.44,yes,no,3,50,1,14,Andrew Collins
yes,0,25,1.8,0.1,142.95,no,no,0,24,0,4,Steven Walters
no,0,21,2.73,0.0,0.0,no,no,1,18,1,0,Kristy Lewis
no,0,22,2.05,0.0,0.0,no,no,0,42,0,4,Jason Ramirez
yes,0,40,5.05,0.03,119.3,yes,no,0,128,1,10,Chelsea Watkins
no,2,33,3.8,0.0,0.0,yes,no,0,153,1,11,Victoria Rogers
no,1,35,4.29,0.0,0.0,yes,no,3,24,0,13,Michael Stevens
yes,0,28,3.6,0.04,130.03,yes,yes,0,56,1,10,Ashley Floyd
yes,0,30,4.3,0.13,482.66,yes,no,4,16,1,7,Paul Webb
no,0,41,4.44,0.0,0.0,yes,no,2,98,1,3,Kaitlyn Gonzales
yes,0,38,2.6,0.4,858.35,no,no,0,33,1,16,Travis Carter
no,1,33,4.1,0.0,0.0,yes,no,2,22,1,15,Adrian Lewis
no,0,29,2.86,0.0,0.0,no,no,0,38,1,0,Angela Wolf
yes,0,27,2.4,0.02,33.01,no,no,0,56,1,1,David Dominguez
yes,0,23,1.8,0.03,46.06,no,no,1,4,0,0,Melissa Perez
yes,0,33,1.8,0.11,169.88,no,no,0,4,1,8,Clarence Smith
yes,0,38,5.1,0.02,90.06,no,no,0,60,1,7,Nicole Marshall
yes,0,35,3.56,0.11,323.59,no,no,0,12,1,0,Mark Parker
yes,0,30,4.15,0.15,520.34,no,no,1,16,1,4,Michael Perez
no,0,31,2.02,0.0,0.0,no,no,0,14,1,3,John Rosales
yes,0,23,1.8,0.11,167.21,no,no,0,6,1,0,Ronald Webb
yes,1,25,2.9,0.09,209.84,no,no,0,276,1,6,Devin Walter
no,6,35,4.0,0.0,0.0,no,no,0,29,0,5,Steven Bell
yes,0,28,2.95,0.09,229.8,no,no,0,26,1,4,David Velasquez
no,0,37,3.2,0.0,0.0,no,no,0,14,1,0,Susan Williams
yes,0,41,4.5,0.14,536.25,yes,no,2,6,1,10,Robert Moss
no,6,37,7.0,0.0,0.0,yes,no,4,120,1,10,Kristen Moody
no,0,19,2.2,0.0,0.0,no,no,0,6,1,0,Christopher Taylor
yes,0,22,2.8,0.08,191.84,no,no,0,4,1,0,Austin Roberts
yes,0,29,2.2,0.0,0.0,no,no,0,9,1,0,Richard West
yes,0,26,5.77,0.08,362.75,yes,no,1,13,1,11,Connie Lopez
yes,0,43,2.43,0.08,163.18,no,no,2,18,1,28,Seth Daugherty
yes,0,37,7.0,0.03,176.27,yes,no,2,14,1,17,Darlene Dyer
yes,0,26,2.15,0.03,61.33,no,no,0,10,0,4,Emily Garcia
yes,0,42,5.2,0.01,57.44,yes,no,3,29,1,9,Adam Harrington
yes,0,28,4.7,0.24,948.36,yes,no,0,6,1,19,Paul Rose
yes,0,26,2.5,0.06,132.59,yes,no,0,14,1,13,Kenneth Robles
yes,0,48,5.0,0.02,91.18,no,no,3,7,1,0,Brenda Porter
yes,0,27,3.5,0.05,146.43,yes,no,2,17,1,11,David Adams
yes,0,26,2.45,0.05,111.82,no,no,0,6,1,11,Johnny Brown
no,0,21,10.0,0.0,0.0,no,no,2,8,0,0,Mrs. Jessica Buchanan PhD
yes,0,30,3.2,0.15,396.27,yes,no,2,12,0,7,Alexis Cameron
yes,0,27,3.54,0.01,19.59,no,no,2,3,1,0,Mr. Daniel Freeman PhD
yes,0,49,3.11,0.01,21.46,yes,no,1,154,0,6,Joseph Carpenter
no,2,35,2.25,0.0,0.0,no,no,1,84,1,3,Michele Russell
yes,1,48,6.0,0.18,885.09,yes,no,3,114,1,19,Douglas Dawson
no,11,24,1.68,0.0,0.0,no,no,2,2,1,8,Mary Olson
yes,0,29,2.4,0.02,29.96,no,no,1,18,1,8,Jordan Bell
yes,0,41,3.2,0.01,26.88,no,no,1,16,1,2,Lisa Grant
yes,0,40,6.0,0.08,394.57,yes,no,0,42,1,5,David Williams
yes,0,22,1.75,0.62,906.31,no,no,0,2,1,0,Rebecca Hernandez
no,0,36,4.5,0.0,0.0,yes,no,2,228,1,0,Jamie Morales
yes,0,39,2.5,0.19,400.45,no,no,0,12,1,4,Matthew Kaufman
yes,0,31,2.55,0.14,303.67,no,no,1,60,1,7,Christopher Watts
yes,0,33,3.26,0.05,143.02,no,no,0,37,1,18,Jason Calhoun
yes,1,22,3.6,0.05,146.44,no,no,0,30,1,20,Michael Holt
no,0,35,2.78,0.0,0.0,no,no,0,6,1,0,Joy Evans
yes,0,58,4.4,0.03,97.18,yes,yes,1,132,1,12,Thomas King
yes,0,38,3.2,0.01,39.0,yes,no,2,24,1,19,Nicholas Burke
no,0,27,1.6,0.0,0.0,yes,no,1,30,0,0,Travis Hanson
no,0,23,1.64,0.0,0.0,no,no,1,13,1,0,Chad Glenn
yes,0,30,2.7,0.01,27.42,no,no,2,1,1,8,Richard Hansen
yes,0,34,3.5,0.06,179.72,yes,no,0,24,0,10,James Sanders
yes,1,39,3.42,0.03,82.66,yes,no,0,41,1,12,Steven Burton
yes,0,38,6.5,0.03,157.84,yes,no,3,60,1,9,Nicole Fisher
yes,0,20,2.0,0.04,63.55,no,no,0,111,1,6,Cynthia Powell
yes,0,35,3.58,0.05,154.86,yes,no,2,123,1,7,Curtis Gonzalez
yes,0,25,2.5,0.02,44.02,no,no,0,25,1,10,Frederick Morris
yes,1,40,2.0,0.25,424.63,yes,no,1,121,1,10,Scott Baker
yes,0,30,2.51,0.0,4.58,no,yes,3,36,0,4,Bradley May
no,0,39,2.3,0.0,0.0,no,yes,0,46,1,3,George Smith
no,0,22,3.86,0.0,0.0,no,no,1,36,0,4,Catherine Turner
no,1,30,2.18,0.0,0.0,no,yes,0,13,1,1,Julian Choi
yes,0,33,4.57,0.0,7.33,yes,no,0,94,1,19,Cheryl Ramirez
no,5,23,3.19,0.0,0.0,no,no,3,12,1,5,Mr. David Woods III
yes,0,40,4.6,0.03,101.3,yes,no,2,1,1,2,Roger Allison
yes,0,32,3.7,0.01,27.0,no,yes,0,60,1,7,Jennifer Burton
yes,0,48,3.7,0.11,344.16,yes,no,2,2,1,0,Taylor Thomas
